player,start_yr,end_yr,pos,team,age,yrs,dollars,average_salary,guaranteed_at_signing,practical_guarantees,percent_gtd,free_agent
Khalil Mack,2018,2024,OLB,CHI,28,6,141000000,23500000,60000000,90000000,63.83,2025
Aaron Donald,2018,2024,DT,LAR,27,6,135000000,22500000,50000000,86892000,64.36,2025
Von Miller,2016,2021,OLB,DEN,30,6,114100000,19016667,42000000,70000000,61.35,2022
DeMarcus Lawrence,2019,2023,DE,DAL,27,5,105000000,21000000,48000000,65000000,61.9,2024
Frank Clark,2019,2023,DE,KC,25,5,104000000,20800000,43805000,62305000,59.91,2024
Fletcher Cox,2016,2022,DT,PHI,28,6,102600000,17100000,36299000,63299000,61.69,2023
J.J. Watt,2014,2021,DE,HOU,30,6,100005425,16667571,30881810,51876000,51.87,2022
Gerald McCoy,2015,2021,DT,TB,31,6,95200000,15866667,14757308,51500000,54.1,2022
Trey Flowers,2019,2023,DE,DET,25,5,90000000,18000000,40000000,56000000,62.22,2024
Dee Ford,2019,2023,OLB,SF,28,5,85500000,17100000,19750000,33350000,39.01,2024
Olivier Vernon,2016,2020,OLB,CLESigned w/NYG,28,5,85000000,17000000,40500000,52500000,61.76,2021
C.J. Mosley,2019,2023,ILB,NYJ,26,5,85000000,17000000,43000000,51000000,60,2024
Landon Collins,2019,2024,FS,WAS,25,6,84000000,14000000,26000000,44500000,52.98,2025
Chandler Jones,2017,2021,DE,ARI,29,5,82500000,16500000,31000000,51000000,61.82,2022
Kawann Short,2017,2021,DT,CAR,30,5,80500000,16100000,35000000,35000000,43.48,2022
Xavien Howard,2019,2024,CB,MIA,25,5,76500000,15300000,0,46000000,60.13,2025
Josh Norman,2016,2020,CB,WAS,31,5,75000000,15000000,36500000,50000000,66.67,2021
Trumaine Johnson,2018,2022,CB,NYJ,29,5,72500000,14500000,34000000,45000000,62.07,2023
Danielle Hunter,2018,2023,DE,MIN,24,5,72000000,14400000,16907000,40000000,55.56,2024
Xavier Rhodes,2017,2022,CB,MIN,28,5,70100000,14020000,22400000,32800000,46.79,2023
Patrick Peterson,2016,2020,CB,ARI,28,5,70050000,14010000,16249114,47368114,67.62,2021
Desmond Trufant,2017,2022,CB,ATL,28,5,68750000,13750000,20776000,41526000,60.4,2023
A.J. Bouye,2017,2021,CB,JAC,27,5,67500000,13500000,26000000,26000000,38.52,2022
Anthony Barr,2019,2023,OLB,MIN,27,5,67500000,13500000,15900000,33000000,48.89,2024
Za'Darius Smith,2019,2022,OLB,GB,26,4,66000000,16500000,20000000,20000000,30.3,2023
Geno Atkins,2018,2022,DT,CIN,31,4,65200000,16300000,17000000,25000000,38.34,2023
Stephon Gilmore,2017,2021,CB,NE,28,5,65000000,13000000,31000000,40000000,61.54,2022
Melvin Ingram,2017,2020,OLB,LAC,30,4,64000000,16000000,34000000,34000000,53.13,2021
Janoris Jenkins,2016,2020,CB,NYG,30,5,62500000,12500000,28800000,28800000,46.08,2021
Jason Pierre-Paul,2017,2020,DE,TBSigned w/NYG,30,4,62000000,15500000,28500000,40000000,64.52,2021
Luke Kuechly,2015,2021,ILB,CAR,28,5,61801565,12360313,27000000,34363324,55.6,2022
Malcolm Butler,2018,2022,CB,TEN,29,5,61250000,12250000,24000000,30000000,48.98,2023
Jurrell Casey,2017,2022,DT,TEN,29,4,60400000,15100000,24000000,40000000,66.23,2023
Stephon Tuitt,2017,2022,DE,PIT,25,5,60001439,12000288,13000000,13000000,21.67,2023
Calais Campbell,2017,2020,DE,JAC,32,4,60000000,15000000,30000000,30000000,50,2021
Reshad Jones,2017,2022,SS,MIA,31,5,60000000,12000000,19885000,35000000,58.33,2023
Cameron Heyward,2015,2020,DE,PIT,30,6,59200000,9866667,15000000,15000000,25.34,2021
Everson Griffen,2017,2022,DE,MIN,31,4,58000000,14500000,18800000,34000000,58.62,2023
Ryan Kerrigan,2015,2020,OLB,WAS,30,5,57500000,11500000,23788000,23788000,41.37,2021
Aqib Talib,2014,2019,CB,LARSigned w/DEN,33,6,57000000,9500000,11500000,25500000,44.74,2020
Kyle Fuller,2018,2021,CB,CHI,27,4,56000000,14000000,19000000,19000000,33.93,2022
Earl Thomas,2019,2022,FS,BAL,30,4,55000000,13750000,32000000,32000000,58.18,2023
Cameron Jordan,2015,2020,DE,NO,29,5,55000000,11000000,22969000,33469000,60.85,2021
Kwon Alexander,2019,2022,ILB,SF,24,4,54000000,13500000,14250000,25500000,47.22,2023
Dre Kirkpatrick,2017,2021,CB,CIN,29,5,52500000,10500000,12000000,12000000,22.86,2022
Brandon Williams,2017,2021,DT,BAL,30,5,52500000,10500000,24500000,33750000,64.29,2022
Preston Smith,2019,2022,OLB,GB,26,4,52000000,13000000,16000000,16000000,30.77,2023
Harrison Smith,2016,2021,FS,MIN,30,5,51250000,10250000,15278000,28578000,55.76,2022
Linval Joseph,2017,2022,DT,MIN,30,4,50350000,12587500,11500000,31500000,62.56,2023
Lavonte David,2015,2020,OLB,TB,29,5,50250000,10050000,5738418,25556418,50.86,2021
Star Lotulelei,2018,2022,DT,BUF,29,5,50000000,10000000,18500000,24650000,49.3,2023
Benardrick McKinney,2018,2023,ILB,HOU,26,5,50000000,10000000,16000000,21000000,42,2024
Eric Kendricks,2018,2023,ILB,MIN,27,5,50000000,10000000,11638080,25000000,50,2024
Darius Slay,2016,2020,CB,DET,28,4,48150000,12037500,23100000,23100000,47.98,2021
Akiem Hicks,2017,2021,DE,CHI,29,4,48000000,12000000,22000000,30000000,62.5,2022
Devin McCourty,2015,2019,FS,NE,31,5,47500000,9500000,22000000,28500000,60,2020
Damon Harrison,2016,2020,DT,DETSigned w/NYG,30,5,46250000,9250000,20000000,24000000,51.89,2021
Telvin Smith,2017,2021,OLB,JAC,28,4,45051175,11262794,15051175,20051175,44.51,2022
Jerry Hughes,2015,2019,DE,BUF,30,5,45000000,9000000,17625000,22000000,48.89,2020
Tyrone Crawford,2015,2020,DT,DAL,29,5,45000000,9000000,17425000,24675000,54.83,2021
Anthony Hitchens,2018,2022,ILB,KC,26,5,45000000,9000000,21290000,25090000,55.76,2023
Bobby Wagner,2015,2019,ILB,SEA,28,4,43000000,10750000,19977427,21977427,51.11,2020
Alec Ogletree,2017,2021,ILB,NYGSigned w/LAR,27,4,42750000,10687500,21369000,21369000,49.99,2022
Chris Harris,2015,2019,CB,DEN,29,5,42500000,8500000,10900000,24000000,56.47,2020
Eddie Goldman,2018,2022,DT,CHI,25,4,42040000,10510000,14250000,25000000,59.47,2023
Tyrann Mathieu,2019,2021,FS,KC,26,3,42000000,14000000,26800000,26800000,63.81,2022
LaMarcus Joyner,2019,2022,FS,OAK,28,4,42000000,10500000,16700000,21300000,50.71,2023
Jimmy Smith,2015,2019,CB,BAL,30,4,41102000,10275500,21000000,21000000,51.09,2020
Mike Daniels,2015,2019,DE,GB,30,4,41000000,10250000,12000000,12000000,29.27,2020
Carlos Dunlap,2018,2021,DE,CIN,30,3,40650000,13550000,10000000,14000000,34.44,2022
Brandon Graham,2019,2021,DE,PHI,31,3,40000000,13333333,23500000,27000000,67.5,2022
Nigel Bradham,2018,2022,OLB,PHI,29,5,40000000,8000000,6000000,14000000,35,2023
Christian Kirksey,2017,2021,ILB,CLE,26,4,38000000,9500000,13000000,20000000,52.63,2022
Sheldon Richardson,2019,2021,DT,CLE,28,3,37000000,12333333,15000000,21000000,56.76,2022
Derek Wolfe,2016,2019,DE,DEN,29,4,36700000,9175000,12000000,17500000,47.68,2020
Adrian Amos,2019,2022,FS,GB,26,4,36000000,9000000,12000000,12000000,33.33,2023
Justin Coleman,2019,2022,CB,DET,26,4,36000000,9000000,16000000,17900000,49.72,2023
Dont'a Hightower,2017,2020,ILB,NE,29,4,35500000,8875000,17000000,19000000,53.52,2021
Malcolm Jenkins,2016,2020,FS,PHI,31,4,35000000,8750000,16000000,21000000,60,2021
Rodney McLeod,2016,2019,FS,PHI,28,5,35000000,7000000,13000000,17000000,48.57,2020
Tony Jefferson,2017,2020,SS,BAL,27,4,34000000,8500000,19000000,19000000,55.88,2021
Aaron Colvin,2018,2022,CB,HOU,27,4,34000000,8500000,18000000,18000000,52.94,2023
Jordan Hicks,2019,2022,ILB,ARI,27,4,34000000,8500000,17000000,20000000,58.82,2023
Michael Brockers,2016,2019,DT,LAR,28,3,33250000,11083333,18146000,24396000,73.37,2020
Casey Hayward,2018,2021,CB,LAC,29,3,33250000,11083333,20000000,20000000,60.15,2022
Kareem Jackson,2019,2021,CB,DEN,31,3,33000000,11000000,0,23000000,69.7,2022
Travis Carrie,2018,2021,CB,CLESigned w/CIN,28,4,31000000,7750000,8000000,15500000,50,2022
Micah Hyde,2017,2021,SS,BUF,28,5,30500000,6100000,10300000,14000000,45.9,2022
Myles Garrett,2017,2021,DE,CLE,23,4,30412255,7603064,30412255,30412255,100,2022
Malik Jackson,2019,2021,DT,PHI,29,3,30000000,10000000,17000000,17000000,56.67,2022
Logan Ryan,2017,2019,CB,TEN,28,3,30000000,10000000,12000000,16000000,53.33,2020
Denzel Ward,2018,2021,CB,CLE,22,4,29165356,7291339,29165356,29165356,100,2023
Kiko Alonso,2017,2020,OLB,MIA,28,4,28910000,7227500,15950000,18500000,63.99,2021
Solomon Thomas,2017,2021,DE,SF,23,4,28154366,7038592,28154366,28154366,100,2022
Marcell Dareus,2019,2020,DT,JAC,29,2,28085000,14042500,7835000,7835000,27.9,2021
Dontari Poe,2018,2020,DT,CAR,28,3,28000000,9333333,10800000,13300000,47.5,2021
Danny Trevathan,2016,2019,ILB,CHI,29,4,28000000,7000000,12000000,15500000,55.36,2020
William Gholston,2017,2021,DE,TB,27,5,27500000,5500000,7000000,13500000,49.09,2022
Bradley Chubb,2018,2021,DE,DEN,22,4,27271241,6817810,27271241,27271241,100,2023
Richard Sherman,2018,2020,CB,SF,31,3,27150000,9050000,3000000,7000000,25.78,2021
Joe Haden,2017,2019,CB,PIT,30,3,27000000,9000000,5750000,5750000,21.3,2020
Prince Amukamara,2018,2020,CB,CHI,29,3,27000000,9000000,18000000,18000000,66.67,2021
Bobby McCain,2018,2022,CB,MIA,25,4,27000000,6750000,10710000,13025000,48.24,2023
Malcolm Smith,2017,2019,OLB,SF,29,5,26500000,5300000,11500000,11500000,43.4,2020
Whitney Mercilus,2015,2019,OLB,HOU,28,4,26000000,6500000,10681012,10681012,41.08,2020
Joey Bosa,2016,2020,DE,LACSigned w/SD,23,4,25873685,6468421,25873685,25873685,100,2021
Tavon Young,2019,2022,CB,BAL,25,3,25800000,8600000,13000000,13000000,50.39,2023
Jabaal Sheard,2017,2019,OLB,IND,29,3,25500000,8500000,9500000,12750000,50,2020
Steven Nelson,2019,2021,CB,PIT,26,3,25500000,8500000,7500000,7500000,29.41,2022
Henry Anderson,2019,2021,DE,NYJ,27,3,25200000,8400000,17000000,17000000,67.46,2022
T.J. McDonald,2017,2021,FS,MIA,28,4,24010000,6002500,7204445,10000000,41.65,2022
Justin Houston,2019,2020,DE,IND,30,2,24000000,12000000,18500000,18500000,77.08,2021
Demario Davis,2018,2020,OLB,NO,30,3,24000000,8000000,16000000,16000000,66.67,2021
Kenny Vaccaro,2019,2022,SS,TEN,28,4,24000000,6000000,7250000,11500000,47.92,2023
A.J. Klein,2017,2019,OLB,NO,27,4,24000000,6000000,9400000,9400000,39.17,2020
Brandon Carr,2017,2020,CB,BAL,32,4,23500000,5875000,4000000,4000000,17.02,2021
Jalen Ramsey,2016,2020,CB,JAC,24,4,23351000,5837750,22901000,22901000,98.07,2021
Cameron Wake,2019,2021,DE,TEN,37,3,23000000,7666667,7250000,10750000,46.74,2022
Mario Addison,2017,2019,DE,CAR,31,3,22500000,7500000,9000000,9000000,40,2020
Tashaun Gipson,2019,2021,FS,HOU,28,3,22500000,7500000,11250000,11250000,50,2022
Robert Alford,2019,2021,CB,ARI,30,3,22500000,7500000,8950000,13500000,60,2022
Trent Murphy,2018,2020,DE,BUF,28,3,22500000,7500000,7875000,10375000,46.11,2021
Pierre Desir,2019,2021,CB,IND,28,3,22500000,7500000,9000000,12000000,53.33,2022
Avery Williamson,2018,2020,ILB,NYJ,27,3,22500000,7500000,16000000,16000000,71.11,2021
Jamal Adams,2017,2021,SS,NYJ,23,4,22258738,5564685,22258738,22258738,100,2022
Eric Reid,2019,2021,SS,CAR,27,3,22050000,7350000,9000000,10000000,45.35,2022
Matthew Ioannidis,2019,2022,DE,WAS,25,3,21750000,7250000,11225000,14000000,64.37,2023
DaQuan Jones,2018,2020,DE,TEN,27,3,21000000,7000000,14000000,14000000,66.67,2021
Bryce Callahan,2019,2021,CB,DEN,27,3,21000000,7000000,6500000,10000000,47.62,2022
Shawn Williams,2016,2020,SS,CIN,27,4,20185000,5046250,4000000,4000000,19.82,2021
Patrick Robinson,2018,2021,CB,NO,31,4,20000000,5000000,6000000,10000000,50,2022
Ed Oliver,2019,2023,DT,BUF,21,4,19565156,4891289,19565156,19565156,100,2024
Ricardo Allen,2018,2021,FS,ATL,27,3,19500000,6500000,7414000,10914000,55.97,2022
Tahir Whitehead,2018,2020,OLB,OAK,29,3,19000000,6333333,6275000,6275000,33.03,2021
D.J. Hayden,2018,2020,CB,JAC,28,3,19000000,6333333,9450000,9450000,49.74,2021
Leonard Williams,2015,2019,DE,NYJ,24,4,18630866,4657717,18630866,18630866,100,2020
Vince Williams,2018,2021,ILB,PIT,29,3,18600000,6200000,6700000,6700000,36.02,2022
Quandre Diggs,2018,2021,SS,DET,26,3,18600000,6200000,7500000,9557000,51.38,2022
DeForest Buckner,2016,2020,DT,SF,25,4,18190995,4547749,18190995,18190995,100,2021
Darryl Roberts,2019,2021,CB,NYJ,28,3,18000000,6000000,4000000,4000000,22.22,2022
Alex Okafor,2019,2021,DE,KC,28,3,17900000,5966667,6805000,11505000,64.27,2022
Denico Autry,2018,2020,DE,IND,28,3,17800000,5933333,6500000,6500000,36.52,2021
Devon Kennard,2018,2020,OLB,DET,27,3,17250000,5750000,7500000,8500000,49.28,2021
Duron Harmon,2017,2020,SS,NE,28,4,17000000,4250000,6500000,6500000,38.24,2021
Michael Bennett,2019,2020,DE,NE,33,2,16750000,8375000,4000000,4000000,23.88,2021
Buster Skrine,2019,2021,CB,CHI,30,3,16600000,5533333,8500000,8500000,51.2,2022
Preston Brown,2019,2021,ILB,CIN,26,3,16500000,5500000,4800000,0,0,2022
Minkah Fitzpatrick,2018,2021,S,MIA,22,4,16447773,4111943,16447773,16447773,100,2023
Daniel Sorensen,2017,2020,SS,KC,29,4,16000000,4000000,4000000,4000000,25,2021
Jadeveon Clowney,2019,2019,OLB,HOU,26,1,15967200,15967200,0,0,0,2020
Rashan Gary,2019,2023,DE,GB,21,4,15877312,3969328,15877312,15877312,100,2024
Leonard Floyd,2016,2020,OLB,CHI,26,4,15782861,3945715,15332861,15332861,97.15,2021
Nickell Robey-Coleman,2018,2020,CB,LAR,27,3,15675000,5225000,6625000,8000000,51.04,2021
Abry Jones,2017,2020,DT,JAC,27,4,15500000,3875000,6500000,6500000,41.94,2021
Christian Wilkins,2019,2023,DT,MIA,23,4,15439100,3859775,15439100,15439100,100,2024
Marshon Lattimore,2017,2021,CB,NO,22,4,15359563,3839891,15359563,15359563,100,2022
Lawrence Guy,2017,2020,DE,NE,29,4,15300000,3825000,4900000,4900000,32.03,2021
Grady Jarrett,2019,2019,DT,ATL,26,1,15209000,15209000,15209000,15209000,100,2020
Eli Apple,2016,2019,CB,NOSigned w/NYG,23,4,15152320,3788080,15152320,15152320,100,2020
Kareem Martin,2018,2020,OLB,NYG,27,3,15000000,5000000,5750000,7250000,48.33,2021
Beau Allen,2018,2019,DT,TB,27,3,15000000,5000000,5000000,7250000,48.33,2020
Todd Davis,2018,2020,ILB,DEN,26,3,15000000,5000000,6000000,6000000,40,2021
Malcom Brown,2019,2021,DT,NO,25,3,15000000,5000000,5500000,7500000,50,2022
Vita Vea,2018,2021,DT,TB,24,4,14824238,3706060,14824238,14824238,100,2023
Vic Beasley,2015,2019,DE,ATL,26,4,14495228,3623807,14495228,14495228,100,2020
Da'Ron Payne,2018,2021,DT,WAS,21,4,14418360,3604590,14418360,14418360,100,2023
Vernon Hargreaves,2016,2020,CB,TB,23,4,14177661,3544415,14177661,14177661,100,2021
K.J. Wright,2019,2020,OLB,SEA,29,2,14000000,7000000,6500000,6500000,46.43,2021
Marcus Davenport,2018,2021,DE,NO,22,4,13741895,3435474,13741895,13741895,100,2023
D.J. Swearinger,2017,2019,FS,ARISigned w/WAS,27,3,13500000,4500000,6000000,9000000,66.67,2020
Bradley McDougald,2018,2020,SS,SEA,28,3,13500000,4500000,5500000,6500000,48.15,2021
Justin Ellis,2018,2020,DT,OAK,28,3,13500000,4500000,6250000,8500000,62.96,2021
Haason Reddick,2017,2021,OLB,ARI,24,4,13477966,3369492,13477966,13477966,100,2022
Jordan Poyer,2017,2020,FS,BUF,28,4,13000000,3250000,6000000,7400000,56.92,2021
Jaquiski Tartt,2018,2020,FS,SF,27,2,13000000,6500000,5521865,8521865,65.55,2021
Trae Waynes,2015,2019,CB,MIN,26,4,12944368,3236092,12944368,12944368,100,2020
Derek Barnett,2017,2021,DE,PHI,22,4,12850772,3212693,12850772,12850772,100,2022
Sheldon Rankins,2016,2020,DT,NO,25,4,12801648,3200412,12801648,12801648,100,2021
Tremaine Edmunds,2018,2021,ILB,BUF,21,4,12659544,3164886,12659544,12659544,100,2023
Malik Hooker,2017,2021,S,IND,23,4,12599908,3149977,12599908,12599908,100,2022
Darnell Savage,2019,2023,S,GB,21,4,12480350,3120088,0,0,0,2024
Shamar Stephen,2019,2021,DT,MIN,28,3,12450000,4150000,4900000,6000000,48.19,2022
Derwin James,2018,2021,S,LAC,22,4,12388956,3097239,12388956,12388956,100,2023
Jaire Alexander,2018,2021,CB,GB,22,4,12050687,3012672,12050687,12050687,100,2023
Corey Peters,2017,2020,DT,ARI,30,3,12000000,4000000,4000000,7250000,60.42,2021
Mark Barron,2019,2020,ILB,PIT,29,2,12000000,6000000,5750000,5750000,47.92,2021
Chris Smith,2018,2020,DE,CLE,31,3,12000000,4000000,4500000,4500000,37.5,2021
Dante Fowler Jr.,2019,3019,DE,LAR,24,1,12000000,12000000,12000000,12000000,100,2020
Denzel Perryman,2019,2020,ILB,LAC,25,2,12000000,6000000,4900000,4900000,40.83,2021
Angelo Blackson,2019,2021,DT,HOU,26,3,12000000,4000000,3500000,3500000,29.17,2022
Karl Joseph,2016,2019,SS,OAK,25,4,11884317,2971079,11434317,11434317,96.21,2020
Marlon Humphrey,2017,2021,CB,BAL,22,4,11847480,2961870,11847480,11847480,100,2022
Kyle Van Noy,2017,2019,ILB,NE,28,2,11757095,5878548,5500000,5500000,46.78,2020
Patrick Chung,2019,2021,SS,NE,31,3,11700000,3900000,5100000,5100000,43.59,2022
Jonathan Allen,2017,2021,DE,WAS,24,4,11596377,2899094,11596377,11596377,100,2022
Adoree' Jackson,2017,2021,CB,TEN,23,4,11282783,2820696,11282783,11282783,100,2022
Jarrad Davis,2017,2021,ILB,DET,24,4,10969183,2742296,8543384,8543384,77.89,2022
Charles Harris,2017,2021,DE,MIA,24,4,10843739,2710935,10843739,10843739,100,2022
Keanu Neal,2016,2020,SS,ATL,23,4,10737645,2684411,10737645,10737645,100,2021
Terrell Edmunds,2018,2021,S,PIT,22,4,10697789,2674447,8278999,8278999,77.39,2023
Brandon Mebane,2019,2020,DT,LAC,34,2,10550000,5275000,5250000,5250000,49.76,2021
Eric Weddle,2019,2020,FS,LAR,34,2,10502050,5251025,6251526,6251526,59.53,2021
Thomas Davis,2019,2020,OLB,LAC,36,2,10500000,5250000,5250000,5250000,50,2021
Wesley Woodyard,2017,2019,ILB,TEN,32,3,10500000,3500000,2000000,2000000,19.05,2020
B.W. Webb,2019,2021,CB,CIN,29,3,10500000,3500000,2500000,2500000,23.81,2022
Gareon Conley,2017,2021,CB,OAK,23,4,10467424,2616856,8110048,8110048,77.48,2022
Jabrill Peppers,2017,2021,S,NYGSigned w/CLE,23,4,10341989,2585497,8001717,8001717,77.37,2022
Shaq Lawson,2016,2019,DE,BUF,24,4,10278977,2569744,9828976,9828976,95.62,2020
Darron Lee,2016,2019,ILB,NYJ,24,4,10221648,2555412,7927787,7927787,77.56,2020
Takkarist McKinley,2017,2021,DE,ATL,23,4,10216530,2554133,7893367,7893367,77.26,2022
Taven Bryan,2018,2021,DT,JAC,23,4,10154958,2538740,8515076,8515076,83.85,2023
Tre'Davious White,2017,2021,CB,BUF,24,4,10091110,2522778,7785050,7785050,77.15,2022
Taco Charlton,2017,2021,DE,DAL,24,4,10028388,2507097,7730881,7730881,77.09,2022
Terrell Suggs,2019,2019,OLB,ARI,36,2,10000000,5000000,7000000,7000000,70,2020
Johnathan Joseph,2018,2019,CB,HOU,35,2,10000000,5000000,3900000,3900000,39,2020
Tramon Williams,2018,2019,CB,GB,36,2,10000000,5000000,4750000,4750000,47.5,2020
Jason McCourty,2019,2020,CB,NE,31,2,10000000,5000000,5500000,5500000,55,2021
Bradley Roby,2019,2019,CB,HOU,27,1,10000000,10000000,9500000,9500000,95,2020
Terrance Mitchell,2018,2020,CB,CLE,26,3,10000000,3333333,3500000,4500000,45,2021
Darius Philon,2019,2020,DT,ARI,25,2,10000000,5000000,5000000,5000000,50,2021
Mike Hughes,2018,2021,CB,MIN,22,4,9867484,2466871,8209918,8209918,83.2,2023
Arik Armstead,2015,2019,DE,SF,25,4,9842630,2460658,9842630,9842630,100,2020
William Jackson,2016,2020,CB,CIN,26,4,9705644,2426411,7482147,7482147,77.09,2021
Artie Burns,2016,2019,CB,PIT,24,4,9590981,2397745,7383120,7383120,76.98,2020
Marcus Peters,2015,2019,CB,LARSigned w/KC,26,4,9584157,2396039,9584157,9584157,100,2020
Ryan Shazier,2014,2019,ILB,PIT,26,4,9507212,2376803,9507212,9507212,100,2020
Kenny Clark,2016,2020,DT,GB,23,4,9361646,2340412,7185058,7185058,76.75,2021
T.J. Watt,2017,2021,OLB,PIT,24,4,9258568,2314642,9258568,9258568,100,2022
Clay Matthews,2019,2020,OLB,LAR,32,2,9250000,4625000,5500000,5500000,59.46,2021
Bud Dupree,2015,2019,OLB,PIT,26,4,9222282,2305571,8631999,8631999,93.6,2020
Reuben Foster,2017,2021,ILB,WASSigned w/SF,25,4,9035309,2258827,6873222,6873222,76.07,2022
Ezekiel Ansah,2019,2019,DE,SEA,29,1,9000000,9000000,5500000,5500000,61.11,2020
Margus Hunt,2019,2020,DT,IND,31,2,9000000,4500000,4500000,4500000,50,2021
Akeem Spence,2017,2019,DT,MIASigned w/DET,27,3,9000000,3000000,3500000,3500000,38.89,2020
K'Waun Williams,2017,2020,CB,SF,27,3,8850000,2950000,3000000,4250000,48.02,2021
Shaq Thompson,2015,2019,OLB,CAR,25,4,8808724,2202181,7172534,7172534,81.43,2020
Jack Crawford,2017,2019,DT,ATL,30,3,8800000,2933333,3000000,3000000,34.09,2020
Byron Jones,2015,2019,CB,DAL,26,4,8601941,2150485,6993950,6993950,81.31,2020
Robert Nkemdiche,2016,2019,DE,ARI,24,4,8600601,2150150,8150600,8150600,94.77,2020
Johnathan Hankins,2019,2020,DT,OAK,27,2,8500000,4250000,5250000,5250000,61.76,2021
Vernon Butler,2016,2019,DT,CAR,24,4,8396514,2099129,7946514,7946514,94.64,2020
Anthony Chickillo,2019,2020,OLB,PIT,27,2,8001000,4000500,2915000,2915000,36.43,2021
Robert Quinn,2019,2019,DE,DAL,28,1,8000000,8000000,0,0,0,2020
Damarious Randall,2015,2019,FS,CLESigned w/GB,26,4,7915734,1978934,5966315,5966315,75.37,2020
Byron Murphy,2019,2022,CB,ARI,21,4,7675250,1918813,5304655,5304655,69.11,2023
Jeff Heath,2016,2019,SS,DAL,27,4,7671000,1917750,1800000,1800000,23.47,2020
Morgan Burnett,2019,2020,SS,CLE,30,2,7500000,3750000,3650000,3650000,48.67,2021
Jake Ryan,2019,2020,ILB,JAC,27,2,7500000,3750000,1000000,1000000,13.33,2021
Sean Bunting,2019,2022,CB,TB,0,4,7358258,1839565,4200926,4200926,57.09,2023
Jarrod Wilson,2019,2021,S,JAC,25,3,7250000,2416667,2200000,2200000,30.34,2022
Kevin King,2017,2020,CB,GB,24,4,7080884,1770221,4676592,4676592,66.05,2021
Tavon Wilson,2018,2019,SS,DET,29,2,7000000,3500000,3250000,3250000,46.43,2020
Chris Banjo,2019,2021,SS,NO,29,3,6900000,2300000,2650000,2650000,38.41,2022
Budda Baker,2017,2020,SS,ARI,23,4,6830005,1707501,3882732,3882732,56.85,2021
Barkevious Mingo,2018,2019,OLB,SEA,28,2,6800000,3400000,3200000,3200000,47.06,2020
Romeo Okwara,2018,2019,DE,DET,23,2,6800000,3400000,3425000,3425000,50.37,2020
Joejuan Williams,2019,2022,CB,NE,21,4,6611775,1652944,3624099,3624099,54.81,2023
Emmanuel Ogbah,2016,2019,DE,KCSigned w/CLE,25,4,6609641,1652410,4357450,4357450,65.93,2020
Ross Cockrell,2018,2019,CB,CAR,27,2,6600000,3300000,2400000,2400000,36.36,2020
Marcus Maye,2017,2020,FS,NYJ,25,4,6554039,1638510,3669485,3669485,55.99,2021
Antoine Bethea,2019,2020,FS,NYG,34,2,6500000,3250000,3475000,3475000,53.46,2021
Ronald Darby,2019,2019,CB,PHI,25,1,6500000,6500000,4500000,4500000,69.23,2020
Jaylon Smith,2016,2019,ILB,DAL,23,4,6494970,1623743,4421841,4421841,68.08,2020
Christian Jones,2018,2019,ILB,DET,28,2,6350000,3175000,2800000,2800000,44.09,2020
Myles Jack,2016,2019,ILB,JAC,23,4,6334441,1583610,3544795,3544795,55.96,2020
Josh Jackson,2018,2021,CB,GB,23,4,6256100,1564025,3874260,3874260,61.93,2022
Johnson Bademosi,2018,2019,CB,HOU,28,2,6250000,3125000,3250000,3250000,52,2020
Marcus Williams,2017,2020,FS,NO,22,4,6240438,1560110,3427157,3427157,54.92,2021
Chris Jones,2016,2019,DE,KC,24,4,6231229,1557807,3440039,3440039,55.21,2020
Marquise Blair,2019,2022,S,SEA,0,4,6223247,1555812,3323873,3323873,53.41,2023
Sidney Jones,2017,2020,CB,PHI,22,4,6140090,1535023,3349615,3349615,54.55,2021
Noah Spence,2016,2019,DE,TB,25,4,6036301,1509075,3314414,3314414,54.91,2020
Daren Bates,2017,2019,ILB,TEN,28,3,6000000,2000000,1000000,1000000,16.67,2020
Ben Banogu,2019,2022,DE,IND,23,4,5932210,1483053,3098980,3098980,52.24,2023
Reggie Ragland,2016,2019,ILB,KCSigned w/BUF,25,4,5841370,1460343,3163786,3163786,54.16,2020
Quincy Wilson,2017,2020,CB,IND,23,4,5766277,1441569,3060759,3060759,53.08,2021
Tyson Alualu,2019,2020,DT,PIT,31,2,5750000,2875000,1750000,1750000,30.43,2021
Damien Wilson,2019,2020,OLB,KC,25,2,5750000,2875000,2470000,2470000,42.96,2021
Kamalei Correa,2016,2019,ILB,TENSigned w/BAL,25,4,5749639,1437410,3092902,3092902,53.79,2020
Quinton Dunbar,2017,2020,CB,WAS,26,3,5700000,1900000,1000000,1000000,17.54,2021
Austin Johnson,2016,2019,DT,TEN,25,4,5662229,1415557,3025359,3025359,53.43,2020
Tyus Bowser,2017,2020,OLB,BAL,23,4,5575610,1393903,3378426,3378426,60.59,2021
L.J. Fort,2019,2021,ILB,PHI,29,3,5500000,1833333,1900000,1900000,34.55,2022
Lerentee McCray,2018,2019,OLB,JAC,28,2,5500000,2750000,2750000,2750000,50,2020
Ryan Anderson,2017,2020,OLB,WAS,24,4,5324723,1331181,2719559,2719559,51.07,2021
Cody Davis,2018,2019,FS,JAC,29,2,5250000,2625000,3250000,3250000,61.9,2020
A'Shawn Robinson,2016,2019,DT,DET,24,4,5233635,1308409,2694172,2694172,51.48,2020
Kemoko Turay,2018,2021,DE,IND,23,4,5218401,1304600,2592401,2592401,49.68,2022
Lonnie Johnson,2019,2022,CB,HOU,21,4,5204652,1301163,2536775,2536775,48.74,2023
Justin Evans,2017,2020,S,TB,23,4,5199295,1299824,2622638,2622638,50.44,2021
Dekoda Watson,2017,2019,OLB,DENSigned w/SF,31,3,5100000,1700000,1000000,1000000,19.61,2020
M.J. Stewart,2018,2021,CB,TB,23,4,5083112,1270778,2487860,2487860,48.94,2022
DeMarcus Walker,2017,2020,DE,DEN,24,4,5073859,1268465,2525710,2525710,49.78,2021
Xavier Williams,2018,2019,DT,KC,27,2,5050000,2525000,2455000,2455000,48.61,2020
Nate Ebner,2018,2019,FS,NE,29,2,5000000,2500000,1200000,1200000,24,2020
Zach Kerr,2019,2020,DT,DEN,28,2,5000000,2500000,600000,600000,12,2021
Mike Pennel,2019,2020,DE,NE,28,2,5000000,2500000,500000,500000,10,2021
Adarius Taylor,2019,2020,ILB,CLE,28,2,5000000,2500000,1000000,1000000,20,2021
Erik Harris,2019,2020,S,OAK,29,2,5000000,2500000,1075000,1075000,21.5,2021
Jessie Bates III,2018,2021,S,CIN,22,4,4947814,1236954,2383311,2383311,48.17,2022
Jarran Reed,2016,2019,DT,SEA,26,4,4889637,1222409,2428355,2428355,49.66,2020
Jalen Tabor,2017,2020,CB,DET,23,4,4822980,1205745,2331848,2331848,48.35,2021
Donte Jackson,2018,2021,CB,CAR,23,4,4812524,1203131,2278768,2278768,47.35,2022
Mark Nzeocha,2019,2021,OLB,SF,29,3,4750000,1583333,750000,750000,15.79,2022
Duke Dawson,2018,2021,CB,NE,23,4,4744875,1186219,2226494,2226494,46.92,2022
P.J. Hall,2018,2021,DT,OAK,24,4,4704276,1176069,1501296,1501296,31.91,2022
Mario Edwards,2019,2020,DT,NO,25,2,4700000,2350000,950000,950000,20.21,2021
Raekwon McMillan,2017,2020,ILB,MIA,22,4,4697537,1174384,3164914,3164914,67.37,2021
Isaiah Oliver,2018,2021,CB,ATL,22,4,4636643,1159161,2142861,2142861,46.22,2022
Dalvin Tomlinson,2017,2020,DT,NYG,25,4,4572101,1143025,2137987,2137987,46.76,2021
Deion Jones,2016,2019,ILB,ATL,24,4,4545639,1136410,2162539,2162539,47.57,2020
Chris Long,2017,2019,DE,PHI,34,2,4500000,2250000,1500000,1500000,33.33,2020
Mychal Kendricks,2019,2019,OLB,SEA,28,1,4500000,4500000,0,0,0,2020
Darqueze Dennard,2019,2019,CB,CIN,27,1,4500000,4500000,2500000,2500000,55.56,2020
Jimmie Ward,2019,2019,FS,SF,27,1,4500000,4500000,3000000,3000000,66.67,2020
Jordan Phillips,2019,2019,DT,BUF,26,1,4500000,4500000,2000000,2000000,44.44,2020
Zach Cunningham,2017,2020,ILB,HOU,24,4,4471745,1117936,2060439,2060439,46.08,2021
Su'a Cravens,2016,2020,S,DENSigned w/WAS,23,4,4430968,1107742,2073930,2073930,46.81,2021
Carlton Davis,2018,2021,CB,TB,22,4,4393113,1098278,2434679,2434679,55.42,2022
Tyquan Lewis,2018,2021,DE,IND,24,4,4366055,1091514,1933770,1933770,44.29,2022
Tanoh Kpassagnon,2017,2020,DE,KC,24,4,4321222,1080306,1944126,1944126,44.99,2021
Mackensie Alexander,2016,2019,CB,MIN,25,4,4316304,1079076,1985326,1985326,46,2020
Chidobe Awuzie,2017,2020,CB,DAL,23,4,4283588,1070897,1255336,1255336,29.31,2021
Josh Jones,2017,2020,S,GB,24,4,4233413,1058353,1218846,1218846,28.79,2021
Anthony Levine,2017,2019,ILB,BAL,32,3,4200000,1400000,1300000,1300000,30.95,2020
John Simon,2019,2020,DE,NE,28,2,4150000,2075000,1600000,1600000,38.55,2021
Craig Robertson,2019,2020,ILB,NO,31,2,4100000,2050000,2300000,2300000,56.1,2021
Sean Davis,2016,2019,FS,PIT,25,4,4086970,1021743,1808113,1808113,44.24,2020
Lorenzo Carter,2018,2021,DE,NYG,23,4,4083482,1020871,1049804,1049804,25.71,2022
Sam Beal,2018,2021,CB,NYG,22,4,4082294,1020574,1048490,1048490,25.68,2022
Chad Thomas,2018,2021,DE,CLE,23,4,4081617,1020404,1048940,1048940,25.7,2022
Justin Reid,2018,2021,S,HOU,22,4,4063423,1015856,1039656,1039656,25.59,2022
B.J. Hill,2018,2021,DT,NYG,23,4,4047880,1011970,1029516,1029516,25.43,2022
Bruce Irvin,2019,2019,DE,CAR,32,1,4000000,4000000,1500000,1500000,37.5,2020
Justin Bethel,2019,2020,CB,BAL,28,2,4000000,2000000,1000000,1000000,25,2021
Michael Thomas,2018,2019,FS,NYG,30,2,4000000,2000000,800000,800000,20,2020
Shaquil Barrett,2019,2019,OLB,TB,26,1,4000000,4000000,3000000,3000000,75,2020
Fred Warner,2018,2021,OLB,SF,22,4,3979325,994831,1010188,1010188,25.39,2022
Vonn Bell,2016,2019,SS,NO,24,4,3972299,993075,1088945,1088945,27.41,2020
James Bradberry,2016,2019,CB,CAR,25,4,3960836,990209,1710646,1710646,43.19,2020
Adam Gotsis,2016,2019,DE,DEN,26,4,3937904,984476,2012926,2012926,51.12,2020
Larry Ogunjobi,2017,2020,DT,CLE,24,4,3907264,976816,981564,981564,25.12,2021
Ahkello Witherspoon,2017,2020,CB,SF,24,4,3884665,971166,973572,973572,25.06,2021
Nathan Shepherd,2018,2021,DT,NYJ,25,4,3875724,968931,987724,987724,25.48,2022
Dawuane Smoot,2017,2020,DE,JAC,24,4,3846263,961566,964160,964160,25.07,2021
Jerome Baker,2018,2021,OLB,MIA,22,4,3809200,952300,975200,975200,25.6,2022
Lorenzo Alexander,2019,2019,OLB,BUF,35,1,3750000,3750000,1600000,1600000,42.67,2020
Markus Golden,2019,2019,DE,NYG,28,1,3750000,3750000,2225000,2225000,59.33,2020
Derrick Nnadi,2018,2021,DT,KC,23,4,3745600,936400,959400,959400,25.61,2022
Kevin Byard,2016,2019,FS,TEN,25,4,3634287,908572,897060,897060,24.68,2020
Justin Jones,2018,2021,DT,LAC,23,4,3623026,905757,854140,854140,23.58,2022
Sam Hubbard,2018,2021,DE,CIN,23,4,3619200,904800,929200,929200,25.67,2022
Jordan Willis,2017,2020,DE,CIN,24,4,3617400,904350,904400,904400,25,2021
Jason Verrett,2019,2019,CB,SF,27,1,3600000,3600000,1000000,1000000,27.78,2020
Joe Thomas,2018,2019,ILB,DAL,28,2,3600000,1800000,600000,600000,16.67,2020
Carl Nassib,2016,2019,DE,TBSigned w/CLE,26,4,3598862,899716,889752,889752,24.72,2020
Malik Jefferson,2018,2021,OLB,CIN,22,4,3593728,898432,923728,923728,25.7,2022
Rasheem Green,2018,2021,DE,SEA,21,4,3572556,893139,912556,912556,25.54,2022
Chris Wormley,2017,2020,DT,BAL,25,4,3559643,889911,898643,898643,25.25,2021
Maliek Collins,2016,2019,DT,DAL,24,4,3550180,887545,881152,881152,24.82,2020
Duke Riley,2017,2020,OLB,ATL,24,4,3517752,879438,889752,889752,25.29,2021
Tracy Walker,2018,2021,S,DET,24,4,3511988,877997,881988,881988,25.11,2022
Sean Lee,2019,2019,OLB,DAL,32,1,3500000,3500000,0,0,0,2020
Sherrick McManis,2018,2019,CB,CHI,31,2,3500000,1750000,1100000,1100000,31.43,2020
Rafael Bush,2018,2019,FS,BUF,31,2,3500000,1750000,900000,900000,25.71,2020
Eric Rowe,2019,2019,CB,MIA,26,1,3500000,3500000,500000,500000,14.29,2020
Yannick Ngakoue,2016,2019,DE,JAC,24,4,3480587,870147,856176,856176,24.6,2020
Alex Anzalone,2017,2020,OLB,NO,24,4,3465592,866398,864592,864592,24.95,2021
Rashaan Gaulden,2018,2021,S,CAR,24,4,3449906,862477,847656,847656,24.57,2022
Arden Key,2018,2021,DE,OAK,23,4,3433801,858450,820756,820756,23.9,2022
Oren Burks,2018,2021,ILB,GB,24,4,3431555,857889,820756,820756,23.92,2022
Deadrin Senat,2018,2021,DT,ATL,24,4,3422960,855740,817960,817960,23.9,2022
Jonathan Bullard,2016,2019,DE,CHI,25,4,3413520,853380,826520,826520,24.21,2020
Mason Foster,2018,2019,ILB,WAS,30,2,3400000,1700000,1500000,1500000,44.12,2020
Tim Williams,2017,2020,OLB,BAL,25,4,3396680,849170,856680,856680,25.22,2021
Ronnie Harrison,2018,2021,S,JAC,22,4,3388032,847008,803032,803032,23.7,2022
Tarell Basham,2017,2020,OLB,NYJSigned w/IND,25,4,3355856,838964,835856,835856,24.91,2021
Tarvarius Moore,2018,2021,CB,SF,22,4,3351372,837843,784371,784371,23.4,2022
Dorian O'Daniel,2018,2021,OLB,KC,24,4,3346341,836585,761516,761516,22.76,2022
Harrison Phillips,2018,2021,DT,BUF,23,4,3342040,835510,775040,775040,23.19,2022
Fabian Moreau,2017,2020,CB,WAS,25,4,3339392,834848,825392,825392,24.72,2021
Isaac Yiadom,2018,2021,CB,DEN,23,4,3323266,830817,761516,761516,22.91,2022
Derek Rivers,2017,2020,OLB,NE,24,4,3304896,826224,802896,802896,24.29,2021
Maxx Crosby,2019,2022,DE,OAK,0,4,3299281,824820,779281,779281,23.62,2023
Anthony Nelson,2019,2022,DE,TB,0,4,3292082,823021,772080,772080,23.45,2023
Julian Love,2019,2022,CB,NYG,21,4,3287918,821980,767918,767918,23.36,2023
Kendall Sheffield,2019,2022,CB,ATL,22,4,3276789,819197,756789,756789,23.1,2023
Montravius Adams,2017,2020,DT,GB,23,4,3276776,819194,744776,744776,22.73,2021
Eddie Vanderdoes,2017,2020,DT,OAK,24,4,3263212,815803,761212,761212,23.33,2021
John Johnson,2017,2020,SS,LAR,24,4,3258752,814688,757752,757752,23.25,2021
Shaquill Griffin,2017,2020,CB,SEA,23,4,3258620,814655,758620,758620,23.28,2021
Christian Miller,2019,2022,DE,CAR,0,4,3254208,813552,734208,734208,22.56,2023
Terrence Brooks,2019,2020,FS,NE,27,2,3250000,1625000,1305000,1305000,40.15,2021
Jourdan Lewis,2017,2020,CB,DAL,23,4,3248428,812107,753428,753428,23.19,2021
Sheldrick Redwine,2019,2022,S,CLE,0,4,3240408,810102,720408,720408,22.23,2023
Cameron Sutton,2017,2020,CB,PIT,24,4,3217128,804282,736128,736128,22.88,2021
Delano Hill,2017,2020,S,SEA,23,4,3206726,801682,727476,727476,22.69,2021
Iman Marshall,2019,2022,CB,BAL,22,4,3193197,798299,673197,673197,21.08,2023
Jalyn Holmes,2018,2021,DE,MIN,23,4,3191398,797850,731398,731398,22.92,2022
Isaiah Johnson,2019,2022,CB,OAK,0,4,3179769,794942,659769,659769,20.75,2023
Cordrea Tankersley,2017,2020,CB,MIA,25,4,3176288,794072,706288,706288,22.24,2021
Rasul Douglas,2017,2020,CB,PHI,23,4,3176038,794010,706288,706288,22.24,2021
Trey Hendrickson,2017,2020,DE,NO,24,4,3175788,793947,706288,706288,22.24,2021
Nazair Jones,2017,2020,DT,SEA,24,4,3175663,793916,706288,706288,22.24,2021
Kendell Beckwith,2017,2020,OLB,TB,24,4,3175288,793822,706288,706288,22.24,2021
Josey Jewell,2018,2021,ILB,DEN,24,4,3173982,793496,713982,713982,22.49,2022
Troy Apke,2018,2021,S,WAS,24,4,3163635,790909,703635,703635,22.24,2022
Ugo Amadi,2019,2022,CB,SEA,0,4,3162734,790684,642734,642734,20.32,2023
Nick Nelson,2018,2021,CB,OAK,22,4,3158680,789670,698680,698680,22.12,2022
Da'shawn Hand,2018,2021,DE,DET,23,4,3141964,785491,681964,681964,21.71,2022
Joel Iyiegbuniwe,2018,2021,ILB,CHI,23,4,3138574,784644,678574,678574,21.62,2022
Kyler Fackrell,2016,2019,OLB,GB,27,4,3134328,783582,694048,694048,22.14,2020
Dorance Armstrong,2018,2021,DE,DAL,21,4,3129996,782499,669996,669996,21.41,2022
Jordan Whitehead,2018,2021,S,TB,22,4,3127257,781814,667257,667257,21.34,2022
Jordan Jenkins,2016,2019,OLB,NYJ,24,4,3123920,780980,723920,723920,23.17,2020
Kendall Fuller,2016,2019,CB,KCSigned w/WAS,24,4,3123424,780856,718424,718424,23,2020
Anthony Averett,2018,2021,CB,BAL,24,4,3120997,780249,660997,660997,21.18,2022
Kyzir White,2018,2021,OLB,LAC,23,4,3114441,778610,654441,654441,21.01,2022
Javon Hargrave,2016,2019,DT,PIT,26,4,3114256,778564,693256,693256,22.26,2020
Nick Vigil,2016,2019,OLB,CIN,25,4,3110629,777657,695629,695629,22.36,2020
Taron Johnson,2018,2021,CB,BUF,22,4,3106068,776517,646068,646068,20.8,2022
Kenny Young,2018,2021,ILB,BAL,23,4,3099904,774976,639904,639904,20.64,2022
Shelby Harris,2019,2019,DT,DEN,27,1,3095000,3095000,0,0,0,2020
Anthony Harris,2019,2019,SS,MIN,27,1,3095000,3095000,0,0,0,2020
Daryl Worley,2019,2019,CB,OAK,24,1,3095000,3095000,0,0,0,2020
Matthias Farley,2019,2019,SS,IND,26,1,3095000,3095000,0,0,0,2020
Michael Pierce,2019,2019,DT,BAL,26,1,3095000,3095000,0,0,0,2020
Jonathan Jones,2019,2019,CB,NE,25,1,3095000,3095000,0,0,0,2020
Patrick Onwuasor,2019,2019,ILB,BAL,26,1,3095000,3095000,0,0,0,2020
Cory Littleton,2019,2019,ILB,LAR,25,1,3095000,3095000,0,0,0,2020
Armani Watts,2018,2021,S,KC,23,4,3092235,773059,632235,632235,20.45,2022
Avonte Maddox,2018,2021,CB,PHI,23,4,3085914,771479,625914,625914,20.28,2022
Brandon Williams,2016,2019,CB,ARI,26,4,3082696,770674,672695,672695,21.82,2020
Jaleel Johnson,2017,2020,DT,MIN,24,4,3078355,769589,678355,678355,22.04,2021
Tedric Thompson,2017,2020,S,SEA,24,4,3072004,768001,672004,672004,21.88,2021
Kentavius Street,2018,2021,DE,SF,23,4,3070202,767551,610202,610202,19.88,2022
Justin Simmons,2016,2019,FS,DEN,25,4,3069552,767388,645420,645420,21.03,2020
Eddie Jackson,2017,2020,S,CHI,26,4,3065797,766449,665797,665797,21.72,2021
Rayshawn Jenkins,2017,2020,S,LAC,25,4,3062209,765552,662209,662209,21.63,2021
Josh Sweat,2018,2021,DE,PHI,22,4,3057591,764398,597591,597591,19.54,2022
Carl Lawson,2017,2020,OLB,CIN,23,4,3052614,763154,652614,652614,21.38,2021
Nevin Lawson,2019,2019,CB,OAK,28,1,3050000,3050000,1555000,1555000,50.98,2020
Nick Dzubnar,2018,2019,ILB,LAC,27,2,3050000,1525000,795000,795000,26.07,2020
Ben Gedeon,2017,2020,OLB,MIN,24,4,3033147,758287,633147,633147,20.87,2021
Montae Nicholson,2017,2020,S,WAS,23,4,3018892,754723,618892,618892,20.5,2021
Jalen Reeves-Maybin,2017,2020,OLB,DET,24,4,3018887,754722,618887,618887,20.5,2021
Samson Ebukam,2017,2020,OLB,LAR,24,4,3013082,753271,613082,613082,20.35,2021
John Cominsky,2019,2022,DE,ATL,0,4,3006531,751633,486531,486531,16.18,2023
Shreef Miller,2019,2022,DE,PHI,0,4,3006528,751632,486528,486528,16.18,2023
Zach Brown,2019,2019,ILB,PHI,29,1,3000000,3000000,0,0,0,2020
Julian Stanford,2018,2019,OLB,BUF,28,2,3000000,1500000,550000,550000,18.33,2020
HaHa Clinton-Dix,2019,2019,FS,CHI,26,1,3000000,3000000,500000,500000,16.67,2020
Kevin Johnson,2019,2019,CB,BUF,26,1,3000000,3000000,400000,400000,13.33,2020
Deatrich Wise,2017,2020,DE,NE,24,4,2980560,745140,575880,575880,19.32,2021
Joe Schobert,2016,2019,ILB,CLE,25,4,2973956,743489,633956,633956,21.32,2020
Eric Murray,2016,2019,CB,CLESigned w/KC,25,4,2967303,741826,599803,599803,20.21,2020
Sheldon Day,2016,2019,DT,SFSigned w/JAC,24,4,2948410,737103,608410,608410,20.64,2020
Ryan Smith,2016,2019,CB,TB,25,4,2932161,733040,592161,592161,20.2,2020
B.J. Goodson,2016,2019,ILB,NYG,25,4,2922207,730552,582207,582207,19.92,2020
Miles Killebrew,2016,2019,S,DET,25,4,2918564,729641,578564,578564,19.82,2020
Nick Kwiatkoski,2016,2019,ILB,CHI,25,4,2915120,728780,575120,575120,19.73,2020
John Franklin-Myers,2018,2021,DE,LAR,22,4,2912359,728090,452359,452359,15.53,2022
Marquis Haynes,2018,2021,DE,CAR,25,4,2912359,728090,452359,452359,15.53,2022
De'Vondre Campbell,2016,2019,OLB,ATL,25,4,2905528,726382,565528,565528,19.46,2020
Hassan Ridgeway,2016,2019,DE,PHISigned w/IND,24,4,2900222,725056,560222,560222,19.32,2020
David Onyemata,2016,2019,DT,NO,26,4,2882345,720586,542345,542345,18.82,2020
Andrew Billings,2016,2019,DT,CIN,23,4,2875845,718961,535845,535845,18.63,2020
Deon Bush,2016,2019,S,CHI,25,4,2866218,716555,526218,526218,18.36,2020
Deiondre' Hall,2016,2019,CB,PHISigned w/CHI,24,4,2850891,712723,510891,510891,17.92,2020
Amani Oruwariye,2019,2022,CB,DET,23,4,2842105,710526,322105,322105,11.33,2023
Derrick Kindred,2016,2019,S,INDSigned w/CLE,25,4,2839356,709839,499356,499356,17.59,2020
Kinsley Keke,2019,2022,DT,GB,22,4,2833264,708316,313264,313264,11.06,2023
Ryan Glasgow,2017,2020,DT,CIN,25,4,2819648,704912,419648,419648,14.88,2021
Carlos Watkins,2017,2020,DT,HOU,25,4,2819648,704912,419648,419648,14.88,2021
Grover Stewart,2017,2020,DT,IND,25,4,2819648,704912,419648,419648,14.88,2021
Byron Cowart,2019,2022,DE,NE,0,4,2819444,704861,299445,299445,10.62,2023
Daylon Mack,2019,2022,DT,BAL,0,4,2819280,704820,299280,299280,10.62,2023
Charles Omenihu,2019,2022,DE,HOU,0,4,2815280,703820,295280,295280,10.49,2023
D'Andre Walker,2019,2022,OLB,TEN,0,4,2786748,696687,266748,266748,9.57,2023
R.J. McIntosh,2018,2021,DT,NYG,22,4,2781472,695368,321472,321472,11.56,2022
Maurice Hurst,2018,2021,DT,OAK,24,4,2779046,694762,319046,319046,11.48,2022
Shaquem Griffin,2018,2021,OLB,SEA,23,4,2777619,694405,317619,317619,11.43,2022
D.J. Reed,2018,2021,S,SF,22,4,2771371,692843,311371,311371,11.24,2022
Ja'whaun Bentley,2018,2021,ILB,NE,22,4,2763954,690989,303954,303954,11,2022
Bilal Nichols,2018,2021,DE,CHI,22,4,2759482,689871,299482,299482,10.85,2022
Tre Flowers,2018,2021,CB,SEA,25,4,2758729,689682,298729,298729,10.83,2022
Micah Kiser,2018,2021,ILB,LAR,24,4,2757977,689494,297977,297977,10.8,2022
Jordan Miller,2019,2022,CB,ATL,0,4,2753988,688497,233988,233988,8.5,2023
Marcus Allen,2018,2021,S,PIT,22,4,2752637,688159,292637,292637,10.63,2022
Kyle Wilber,2018,2019,OLB,OAK,30,2,2750000,1375000,1400000,1400000,50.91,2020
Daniel McCullers,2019,2020,DT,PIT,26,2,2750000,1375000,250000,250000,9.09,2021
Clayton Geathers,2019,2019,FS,IND,26,1,2750000,2750000,1250000,1250000,45.45,2020
Genard Avery,2018,2021,ILB,CLE,24,4,2748947,687237,288947,288947,10.51,2022
Davontae Harris,2018,2021,CB,CIN,24,4,2748574,687144,288574,288574,10.5,2022
Dane Cruikshank,2018,2021,S,TEN,24,4,2747894,686974,287894,287894,10.48,2022
Siran Neal,2018,2021,S,BUF,24,4,2746016,686504,286016,286016,10.42,2022
Ogbonnia Okoronkwo,2018,2021,DE,LAR,24,4,2734536,683634,274536,274536,10.04,2022
Jermaine Carter,2018,2021,ILB,CAR,24,4,2733374,683344,273374,273374,10,2022
Tim Settle,2018,2021,DT,WAS,21,4,2728041,682010,268041,268041,9.83,2022
Natrell Jamerson,2018,2021,S,GBSigned w/NO,23,4,2725621,681405,265621,265621,9.75,2022
Blake Martinez,2016,2019,ILB,GB,25,4,2723393,680848,383393,383393,14.08,2020
Willie Henry,2016,2019,DT,BAL,25,4,2723393,680848,383393,383393,14.08,2020
Rashard Robinson,2016,2019,CB,NYJSigned w/SF,23,4,2723393,680848,383393,383393,14.08,2020
Dean Lowry,2016,2019,DE,GB,24,4,2723393,680848,383393,383393,14.08,2020
Sutton Smith,2019,2022,OLB,PIT,0,4,2722515,680629,202515,202515,7.44,2023
Jaquan Johnson,2019,2022,S,BUF,0,4,2703636,675909,183636,183636,6.79,2023
Walt Aikens,2018,2019,FS,MIA,27,2,2700000,1350000,1300000,1300000,48.15,2020
Ka'dar Hollman,2019,2022,CB,GB,0,4,2694948,673737,174948,174948,6.49,2023
Damontae Kazee,2017,2020,S,ATL,25,4,2688922,672231,288922,288922,10.74,2021
Armon Watts,2019,2022,DT,MIN,0,4,2688453,672113,168453,168453,6.27,2023
Marcus Epps,2019,2022,S,MIN,0,4,2688116,672029,168116,168116,6.25,2023
Isaiah Buggs,2019,2022,DT,PIT,0,4,2687993,671998,167993,167993,6.25,2023
Xavier Crawford,2019,2022,CB,HOU,0,4,2684568,671142,164568,164568,6.13,2023
Desmond King,2017,2020,S,LAC,24,4,2679992,669998,279992,279992,10.45,2021
Corn Elder,2017,2020,CB,CAR,24,4,2677899,669475,277899,277899,10.38,2021
Tim Harris,2019,2022,CB,SF,0,4,2677705,669426,157705,157705,5.89,2023
Darius Phillips,2018,2021,CB,CIN,23,4,2677553,669388,217553,217553,8.13,2022
Gerri Green,2019,2022,DE,IND,0,4,2677006,669252,157006,157006,5.86,2023
Jayon Brown,2017,2020,ILB,TEN,24,4,2671553,667888,271553,271553,10.16,2021
Nate Hairston,2017,2020,CB,IND,24,4,2667785,666946,267785,267785,10.04,2021
Anthony Walker Jr.,2017,2020,ILB,IND,23,4,2665413,666353,265413,265413,9.96,2021
Matt Milano,2017,2020,OLB,BUF,24,4,2661506,665377,261506,261506,9.83,2021
Jamal Agnew,2017,2020,CB,DET,24,4,2658364,664591,258364,258364,9.72,2021
Marquel Lee,2017,2020,ILB,OAK,23,4,2653693,663423,253693,253693,9.56,2021
Duke Ejofor,2018,2021,DE,HOU,24,4,2645257,661314,185257,185257,7,2022
Christian Sam,2018,2021,ILB,NE,22,4,2641495,660374,181495,181495,6.87,2022
Parry Nickerson,2018,2021,CB,NYJ,24,4,2637480,659370,177480,177480,6.73,2022
Foley Fatukasi,2018,2021,DT,NYJ,24,4,2634253,658563,174253,174253,6.61,2022
Kylie Fitts,2018,2021,DE,CHI,24,4,2632200,658050,172200,172200,6.54,2022
Terry Beckner Jr.,2019,2022,DT,TB,0,4,2631884,657971,111884,111884,4.25,2023
Kris Boyd,2019,2022,CB,MIN,0,4,2629257,657314,109257,109257,4.16,2023
Marcell Harris,2018,2021,S,SF,22,4,2626295,656574,166295,166295,6.33,2022
Jake Martin,2018,2021,DE,SEA,23,4,2622039,655510,162039,162039,6.18,2022
Donnie Lewis,2019,2022,CB,CLE,0,4,2621924,655481,101924,101924,3.89,2023
Kamrin Moore,2018,2021,CB,NYGSigned w/NO,22,4,2618482,654621,158482,158482,6.05,2022
Darryl Johnson,2019,2022,OLB,BUF,0,4,2618088,654522,98088,98088,3.75,2023
Deshon Elliott,2018,2021,S,BAL,22,4,2617795,654449,157795,157795,6.03,2022
Jimmy Moreland,2019,2022,CB,WAS,0,4,2617520,654380,97520,97520,3.73,2023
Chris Covington,2018,2021,OLB,DAL,23,4,2616308,654077,156308,156308,5.97,2022
Adonis Alexander,2018,2021,CB,WAS,22,4,2616192,654048,156192,156192,5.97,2022
Quinton Bell,2019,2022,OLB,OAK,0,4,2615783,653946,95783,95783,3.66,2023
Sebastian Joseph,2018,2021,DT,LAR,24,4,2615237,653809,155237,155237,5.94,2022
Tremon Smith,2018,2021,CB,KC,22,4,2613804,653451,153804,153804,5.88,2022
Shaun-Dion Hamilton,2018,2021,ILB,WAS,23,4,2613010,653253,153010,153010,5.86,2022
Ronald Blair,2016,2019,DE,SF,26,4,2610405,652601,270405,270405,10.36,2020
Jack Cichy,2018,2021,ILB,TB,23,4,2605377,651344,145377,145377,5.58,2022
Dontavius Russell,2019,2022,DT,JAC,0,4,2603184,650796,83184,83184,3.2,2023
Davon Godchaux,2017,2020,DT,MIA,24,4,2601937,650484,201937,201937,7.76,2021
Colin Jones,2019,2020,FS,CAR,31,2,2600000,1300000,400000,400000,15.38,2021
Deshazor Everett,2018,2019,SS,WAS,27,2,2600000,1300000,250000,250000,9.62,2020
Brandon King,2018,2019,FS,NE,25,2,2600000,1300000,400000,400000,15.38,2020
Cortez Broughton,2019,2022,DT,LAC,0,4,2598020,649505,78020,78020,3,2023
Matt Judon,2016,2019,OLB,BAL,26,4,2595736,648934,255736,255736,9.85,2020
Chris Slayton,2019,2022,DT,NYG,0,4,2595285,648821,75285,75285,2.9,2023
Jordan Brailford,2019,2022,OLB,WAS,0,4,2594576,648644,74576,74576,2.87,2023
Cornell Armstrong,2018,2021,CB,MIA,23,4,2578408,644602,118408,118408,4.59,2022
Peter Kalambayi,2018,2021,DE,HOU,23,4,2578408,644602,118408,118408,4.59,2022
Keishawn Bierria,2018,2021,ILB,DEN,22,4,2578408,644602,118408,118408,4.59,2022
Ade Aruna,2018,2021,DE,MIN,25,4,2578408,644602,118408,118408,4.59,2022
LeShaun Sims,2016,2019,CB,TEN,25,4,2578186,644547,238186,238186,9.24,2020
Chuck Clark,2017,2020,S,BAL,24,4,2574807,643702,174807,174807,6.79,2021
Kentrell Brothers,2016,2019,OLB,MIN,26,4,2572681,643170,232681,232681,9.04,2020
Tanzel Smart,2017,2020,DT,LAR,24,4,2564783,641196,164783,164783,6.42,2021
Matthew Adams,2018,2021,OLB,IND,23,4,2561583,640396,101583,101583,3.97,2022
Jermaine Kelly,2018,2021,CB,HOU,24,4,2560776,640194,100776,100776,3.94,2022
Xavier Woods,2017,2020,S,DAL,23,4,2559888,639972,159888,159888,6.25,2021
Jullian Taylor,2018,2021,DT,SF,24,4,2558043,639511,98043,98043,3.83,2022
Jordan Evans,2017,2020,OLB,CIN,24,4,2556506,639127,156506,156506,6.12,2021
D.J. Reader,2016,2019,DT,HOU,24,4,2555380,638845,215380,215380,8.43,2020
Vincent Taylor,2017,2020,DT,MIA,25,4,2554413,638603,154413,154413,6.04,2021
Devante Downs,2018,2021,ILB,MIN,23,4,2554401,638600,94401,94401,3.7,2022
Tanner Vallejo,2017,2020,OLB,ARISigned w/BUF,24,4,2553799,638450,153799,153799,6.02,2021
Leon Jacobs,2018,2021,OLB,JAC,23,4,2550681,637670,90681,90681,3.56,2022
Marqui Christian,2016,2019,S,LARSigned w/ARI,24,4,2550201,637550,210201,210201,8.24,2020
Andre Smith,2018,2021,ILB,CAR,22,4,2549056,637264,89056,89056,3.49,2022
D.J. Jones,2017,2020,DT,SF,24,4,2547855,636964,147855,147855,5.8,2021
Zaire Franklin,2018,2021,OLB,IND,22,4,2547057,636764,87057,87057,3.42,2022
Derrick Jones,2017,2020,CB,NYJ,22,4,2545047,636262,145047,145047,5.7,2021
Zach Sieler,2018,2021,DE,BAL,23,4,2540682,635171,80682,80682,3.18,2022
Johnathan Ford,2017,2020,S,ARI,24,4,2540181,635045,140181,140181,5.52,2021
Greg Stroman,2018,2021,CB,WAS,23,4,2535776,633944,75776,75776,2.99,2022
Keion Crossen,2018,2021,CB,NE,23,4,2534392,633598,74392,74392,2.94,2022
Justin Lawler,2018,2021,DE,LAR,24,4,2533742,633436,73742,73742,2.91,2022
Jatavis Brown,2016,2019,ILB,LACSigned w/SD,25,4,2524385,631096,184385,184385,7.3,2020
Steve McLendon,2019,2019,DT,NYJ,33,1,2500000,2500000,2250000,2250000,90,2020
Deone Bucannon,2019,2019,ILB,TB,26,1,2500000,2500000,1450000,1450000,58,2020
David Mayo,2019,2020,ILB,SF,25,2,2500000,1250000,1100000,1100000,44,2021
Christian Covington,2019,2019,DT,DAL,25,1,2500000,2500000,750000,750000,30,2020
Stevie Tu'ikolovatu,2017,2020,DT,TB,27,4,2491132,622783,91132,91132,3.66,2021
Adrian Colbert,2017,2020,FS,SF,25,4,2484786,621197,84786,84786,3.41,2021
Josh Harvey-Clemons,2017,2020,ILB,WAS,25,4,2484306,621077,84306,84306,3.39,2021
Anthony Brown,2016,2019,CB,DAL,25,4,2474947,618737,134947,134947,5.45,2020
Anthony Zettel,2016,2019,DE,CLESigned w/DET,26,4,2463723,615931,123723,123723,5.02,2020
Kamu Grugier-Hill,2016,2019,OLB,PHISigned w/NE,24,4,2440356,610089,100356,100356,4.11,2020
Maurice Canady,2016,2019,CB,BAL,24,4,2440356,610089,100356,100356,4.11,2020
Kavon Frazier,2016,2019,S,DAL,24,4,2440356,610089,100356,100356,4.11,2020
Elandon Roberts,2016,2019,OLB,NE,25,4,2440356,610089,100356,100356,4.11,2020
Kevon Seymour,2016,2019,CB,CARSigned w/BUF,25,4,2440356,610089,100356,100356,4.11,2020
Will Parks,2016,2019,S,DEN,24,4,2440356,610089,100356,100356,4.11,2020
Jalen Mills,2016,2019,S,PHI,25,4,2416856,604214,76856,76856,3.18,2020
Jayron Kearse,2016,2019,S,MIN,25,4,2404224,601056,64224,64224,2.67,2020
Clayton Fejedelem,2016,2019,S,CIN,25,4,2403550,600888,63550,63550,2.64,2020
Tyler Matakevich,2016,2019,ILB,PIT,26,4,2403050,600763,63050,63050,2.62,2020
Stephen Weatherly,2016,2019,DE,MIN,25,4,2340000,585000,0,0,0,2020
Vinny Curry,2019,2019,DE,PHI,30,1,2250000,2250000,2000000,2000000,88.89,2020
P.J. Williams,2019,2019,CB,NO,25,1,2250000,2250000,2250000,2250000,100,2020
Tyrell Adams,2018,2020,OLB,HOU,27,3,2245000,748333,0,0,0,2021
Rashaan Melvin,2019,2019,CB,DET,29,1,2150000,2150000,700000,700000,32.56,2020
E.J. Gaines,2019,2019,CB,BUF,27,1,2100000,2100000,250000,250000,11.9,2020
Brandon Dunn,2019,2019,DT,HOU,26,1,2025000,2025000,0,0,0,2020
Troy Hill,2019,2019,CB,LAR,27,1,2025000,2025000,0,0,0,2020
Quinton Jefferson,2019,2019,DE,SEA,26,1,2025000,2025000,0,0,0,2020
Jordan Lucas,2019,2019,S,KC,25,1,2025000,2025000,0,0,0,2020
Brennan Scarlett,2019,2019,OLB,HOU,25,1,2025000,2025000,0,0,0,2020
Trevor Williams,2019,2019,CB,LAC,25,1,2025000,2025000,0,0,0,2020
Ken Crawley,2019,2019,CB,NO,26,1,2025000,2025000,0,0,0,2020
Adrian Clayborn,2019,2019,DE,ATL,30,1,2000000,2000000,750000,750000,37.5,2020
Vontaze Burfict,2019,2019,OLB,OAK,28,1,2000000,2000000,300000,300000,15,2020
Bashaud Breeland,2019,2019,CB,KC,27,1,2000000,2000000,1150000,1150000,57.5,2020
Adrian Phillips,2019,2019,FS,LAC,27,1,2000000,2000000,1250000,1250000,62.5,2020
Carl Davis,2019,2019,DT,CLE,27,1,2000000,2000000,400000,400000,20,2020
Brian Poole,2019,2019,CB,NYJ,26,1,2000000,2000000,1000000,1000000,50,2020
Timmy Jernigan,2019,2019,DT,PHI,26,1,2000000,2000000,1000000,1000000,50,2020
Daeshon Hall,2018,2020,DE,PHI,23,3,1950000,650000,0,0,0,2021
B.J. Bello,2018,2020,ILB,PHI,24,3,1950000,650000,0,0,0,2021
Al-Quadin Muhammad,2018,2020,DE,IND,24,3,1935000,645000,0,0,0,2021
Rontez Miles,2019,2019,FS,NYJ,30,1,1907000,1907000,0,0,0,2020
Cassius Marsh,2019,2019,OLB,SEA,26,1,1850000,1850000,600000,600000,32.43,2020
Cyrus Jones,2018,2019,CB,BALSigned w/NE,25,2,1810000,905000,0,0,0,2020
Alijah Holder,2019,2021,CB,DEN,0,3,1773000,591000,30000,30000,1.69,2022
JoJo McIntosh,2019,2021,S,WAS,0,3,1771000,590333,16000,16000,0.9,2022
Carl Granderson,2019,2021,DE,NO,0,3,1770000,590000,85000,85000,4.8,2022
Malik Reed,2019,2021,OLB,DENSigned w/NYJ,0,3,1770000,590000,15000,15000,0.85,2022
Mike Onuoha,2019,2021,OLB,BAL,0,3,1767000,589000,12000,12000,0.68,2022
Malik Carney,2019,2021,DE,DET,0,3,1765000,588333,35000,35000,1.98,2022
Koa Farmer,2019,2021,OLB,OAK,0,3,1765000,588333,10000,10000,0.57,2022
Otaro Alaka,2019,2021,ILB,BAL,0,3,1765000,588333,50000,50000,2.83,2022
Chris Johnson,2019,2021,S,HOU,0,3,1765000,588333,35000,35000,1.98,2022
Darius Harris,2019,2021,OLB,KC,0,3,1765000,588333,60000,60000,3.4,2022
Micah Abernathy,2019,2021,S,MIN,0,3,1765000,588333,35000,35000,1.98,2022
Mark McLaurin,2019,2021,S,NYG,0,3,1765000,588333,30000,30000,1.7,2022
Mathieu Betts,2019,2021,DE,CHI,0,3,1765000,588333,22000,22000,1.25,2022
Tevaughn Campbell,2019,2021,CB,NYJ,25,3,1765000,588333,10000,10000,0.57,2022
Chris Westry,2019,2021,CB,DAL,0,3,1765000,588333,100000,100000,5.67,2022
Gerald Willis,2019,2021,DT,BAL,0,3,1765000,588333,60000,60000,3.4,2022
Greg Roberts,2019,2021,DE,GB,0,3,1762000,587333,72000,72000,4.09,2022
Markus Jones,2019,2021,OLB,BAL,0,3,1761000,587000,6000,6000,0.34,2022
Silas Stewart,2019,2021,OLB,BAL,0,3,1760000,586667,15000,15000,0.85,2022
E.J. Ejiya,2019,2021,ILB,BAL,0,3,1760000,586667,5000,5000,0.28,2022
Jomon Dotson,2019,2021,S,CHI,0,3,1760000,586667,5000,5000,0.28,2022
Daryle Banfield,2019,2021,DT,CHI,0,3,1759500,586500,4500,4500,0.26,2022
Austin Exford,2019,2021,S,HOU,0,3,1756000,585333,6000,6000,0.34,2022
Nate Harvey,2019,2021,DE,NYG,0,3,1755000,585000,0,0,0,2022
Nate Brooks,2019,2021,CB,ARISigned w/GB,0,3,1755000,585000,0,0,0,2022
Jamal Davis,2019,2021,OLB,HOU,0,3,1755000,585000,0,0,0,2022
Isaiah Wharton,2019,2021,CB,MIN,23,3,1755000,585000,0,0,0,2022
P.J. Locke,2019,2021,S,PIT,0,3,1755000,585000,0,0,0,2022
Rashard Causey,2019,2021,CB,ATL,0,3,1755000,585000,0,0,0,2022
Dravon Askew-Henry,2019,2021,S,PIT,0,3,1755000,585000,0,0,0,2022
Ronald Ollie,2019,2021,DT,OAK,0,3,1755000,585000,0,0,0,2022
Kevin Wilkins,2019,2021,DT,PHI,0,3,1755000,585000,0,0,0,2022
Marquise Copeland,2019,2021,DT,LAR,0,3,1755000,585000,0,0,0,2022
J.T. Hassell,2019,2021,S,CLE,0,3,1755000,585000,0,0,0,2022
Tyrell Thompson,2019,2021,DT,LAR,0,3,1755000,585000,0,0,0,2022
Wyatt Ray,2019,2021,DE,CLE,0,3,1755000,585000,0,0,0,2022
Jermaine Ponder,2019,2021,CB,CLE,0,3,1755000,585000,0,0,0,2022
Jarrell Owens,2019,2021,DE,CLE,0,3,1755000,585000,0,0,0,2022
Jordan Wyatt,2019,2021,CB,NO,0,3,1755000,585000,0,0,0,2022
Roderick Young,2019,2021,DT,JAC,0,3,1755000,585000,0,0,0,2022
Santos Ramirez,2019,2021,S,NYJ,0,3,1755000,585000,0,0,0,2022
Tito Odenigbo,2019,2021,DT,MIN,0,3,1755000,585000,0,0,0,2022
Amani Bledsoe,2019,2021,DE,TEN,0,3,1755000,585000,0,0,0,2022
Anree Saint-Amour,2019,2021,DE,MIN,0,3,1755000,585000,0,0,0,2022
Jake Carlock,2019,2021,CB,NYG,0,3,1755000,585000,0,0,0,2022
Jegs Jegede,2019,2021,DE,IND,0,3,1755000,585000,0,0,0,2022
Miles Brown,2019,2021,DT,ARI,0,3,1755000,585000,0,0,0,2022
Jamal Peters,2019,2021,CB,IND,0,3,1755000,585000,0,0,0,2022
Johnny Robinson,2019,2021,DT,IND,0,3,1755000,585000,0,0,0,2022
Jordan Thompson,2019,2021,DT,IND,0,3,1755000,585000,0,0,0,2022
Durrant Miles,2019,2021,DE,ATL,0,3,1755000,585000,0,0,0,2022
Immanuel Turner,2019,2021,DT,ARI,0,3,1755000,585000,0,0,0,2022
Jonathan Harris,2019,2021,DT,CHI,0,3,1755000,585000,0,0,0,2022
Davante Davis,2019,2021,CB,SEA,0,3,1755000,585000,0,0,0,2022
Doyin Jibowu,2019,2021,CB,CHI,0,3,1755000,585000,0,0,0,2022
Nydair Rouse,2019,2021,CB,GB,0,3,1755000,585000,0,0,0,2022
Albert Huggins,2019,2021,DT,HOU,0,3,1755000,585000,0,0,0,2022
Jamell Garcia-Williams,2019,2021,DT,SF,0,3,1755000,585000,0,0,0,2022
Cam Lewis,2019,2021,CB,BUF,0,3,1755000,585000,0,0,0,2022
Andrew Soroh,2019,2021,S,KC,23,3,1755000,585000,0,0,0,2022
Ira Lewis,2019,2021,DT,HOU,0,3,1755000,585000,0,0,0,2022
Herb Miller,2019,2021,S,KC,21,3,1755000,585000,0,0,0,2022
Jonathan Crawford,2019,2021,S,TEN,0,3,1755000,585000,0,0,0,2022
Derick Roberson,2019,2021,OLB,TEN,0,3,1755000,585000,0,0,0,2022
Taj-Amir Torres,2019,2021,CB,TEN,0,3,1755000,585000,0,0,0,2022
Drew Lewis,2019,2021,DT,HOU,0,3,1755000,585000,0,0,0,2022
Zedrick Woods,2019,2021,S,JAC,0,3,1755000,585000,0,0,0,2022
Ahmad Gooden,2019,2021,DE,DEN,0,3,1755000,585000,0,0,0,2022
Ryan Pulley,2019,2021,CB,ARI,0,3,1755000,585000,0,0,0,2022
Jaylen Johnson,2019,2021,DE,DEN,0,3,1755000,585000,0,0,0,2022
Dexter Wright,2019,2021,S,HOU,0,3,1755000,585000,0,0,0,2022
Kyle Phillips,2019,2021,DE,NYJ,0,3,1755000,585000,0,0,0,2022
Corrion Ballard,2019,2021,CB,CAR,0,3,1755000,585000,0,0,0,2022
Kalil Morris,2019,2021,DT,BAL,23,3,1755000,585000,0,0,0,2022
Jalin Burrell,2019,2021,CB,KC,0,3,1755000,585000,0,0,0,2022
Montre Hartage,2019,2021,CB,MIA,0,3,1755000,585000,0,0,0,2022
Nik Needham,2019,2021,CB,MIA,0,3,1755000,585000,0,0,0,2022
Kevin Strong,2019,2021,DT,DET,0,3,1755000,585000,0,0,0,2022
Nate Meadors,2019,2021,CB,MIN,0,3,1755000,585000,0,0,0,2022
Tank Kelly,2019,2021,CB,BAL,0,3,1755000,585000,0,0,0,2022
Ricky Walker,2019,2021,DE,DAL,0,3,1755000,585000,0,0,0,2022
Jay-Tee Tiuli,2019,2021,DT,SEA,0,3,1755000,585000,0,0,0,2022
Bryan Mone,2019,2021,DT,SEA,0,3,1755000,585000,0,0,0,2022
Jalen Harvey,2019,2021,S,SEA,0,3,1755000,585000,0,0,0,2022
Jesse Aniebonam,2019,2021,OLB,HOU,0,3,1755000,585000,0,0,0,2022
Chase Middleton,2019,2021,ILB,HOU,0,3,1755000,585000,0,0,0,2022
Malik Gant,2019,2021,S,NE,0,3,1755000,585000,0,0,0,2022
Tim Ward,2019,2021,DE,KC,0,3,1755000,585000,0,0,0,2022
Kevin Givens,2019,2021,DT,SF,0,3,1755000,585000,0,0,0,2022
Demetrius Flannigan-Fowles,2019,2021,S,SF,0,3,1755000,585000,0,0,0,2022
Cam Glenn,2019,2021,S,SF,0,3,1755000,585000,0,0,0,2022
Corbin Kaufusi,2019,2021,DE,NO,0,3,1755000,585000,0,0,0,2022
Shy Tuttle,2019,2021,DT,NO,0,3,1755000,585000,0,0,0,2022
Porter Gustin,2019,2021,OLB,NO,0,3,1755000,585000,0,0,0,2022
Randy Ramsey,2019,2021,OLB,GB,0,3,1755000,585000,0,0,0,2022
Javien Hamilton,2019,2021,CB,GB,0,3,1755000,585000,0,0,0,2022
Ray Smith,2019,2021,DT,DET,0,3,1755000,585000,0,0,0,2022
Matt Nelson,2019,2021,DT,DET,0,3,1755000,585000,0,0,0,2022
Chuck Harris,2019,2021,DE,CHI,0,3,1755000,585000,0,0,0,2022
Clifton Duck,2019,2021,CB,CHI,0,3,1755000,585000,0,0,0,2022
Jordan Powell,2019,2021,S,CHI,0,3,1755000,585000,0,0,0,2022
Shane Bowman,2019,2021,DT,JAC,0,3,1755000,585000,0,0,0,2022
Josh Simmons,2019,2021,CB,CHI,0,3,1755000,585000,0,0,0,2022
Khairi Clark,2019,2021,DT,JAC,0,3,1755000,585000,0,0,0,2022
Dylan Carroll,2019,2021,DE,CHI,0,3,1755000,585000,0,0,0,2022
Tae Hayes,2019,2021,CB,JAC,0,3,1755000,585000,0,0,0,2022
Ajene Harris,2019,2021,CB,PHI,0,3,1755000,585000,0,0,0,2022
Picasso Nelson,2019,2021,CB,JAC,0,3,1755000,585000,0,0,0,2022
Jamalcolm Liggins,2019,2021,CB,PHI,0,3,1755000,585000,0,0,0,2022
Anthony Rush,2019,2021,DT,PHI,0,3,1755000,585000,0,0,0,2022
Tyrell Gilbert,2019,2021,CB,PHI,0,3,1755000,585000,0,0,0,2022
Marquez Stanford,2019,2021,CB,JAC,0,3,1755000,585000,0,0,0,2022
Andrew Williams,2019,2021,DT,JAC,0,3,1755000,585000,0,0,0,2022
Andrew Wingard,2019,2021,S,JAC,0,3,1755000,585000,0,0,0,2022
Jacob Thieneman,2019,2021,S,NYG,0,3,1755000,585000,0,0,0,2022
Ken Bigelow,2019,2021,DT,NO,0,3,1755000,585000,0,0,0,2022
D'Angelo Ross,2019,2021,CB,NE,0,3,1755000,585000,0,0,0,2022
Dylan Mabin,2019,2021,CB,OAK,0,3,1755000,585000,0,0,0,2022
Keisean Nixon,2019,2021,CB,OAK,0,3,1755000,585000,0,0,0,2022
Hamp Cheevers,2019,2021,CB,TEN,0,3,1755000,585000,0,0,0,2022
Braxton Hoyett,2019,2021,DT,TEN,0,3,1755000,585000,0,0,0,2022
Isaiah Mack,2019,2021,DT,TEN,0,3,1755000,585000,0,0,0,2022
Durval Neto,2019,2021,DT,MIA,26,3,1755000,585000,0,0,0,2022
Ryan Bee,2019,2021,DT,WAS,0,3,1755000,585000,0,0,0,2022
Lukas Denis,2019,2021,S,TB,0,3,1755000,585000,0,0,0,2022
Jabril Frazier,2019,2021,OLB,NYJ,0,3,1755000,585000,0,0,0,2022
Justin Alexandre,2019,2021,DT,NYJ,0,3,1755000,585000,0,0,0,2022
Fred Jones,2019,2021,DT,NYJ,0,3,1755000,585000,0,0,0,2022
Tenny Adewusi,2019,2021,S,NYG,0,3,1755000,585000,0,0,0,2022
John Battle,2019,2021,S,NYJ,0,3,1755000,585000,0,0,0,2022
Kyron Brown,2019,2021,CB,NYJ,0,3,1755000,585000,0,0,0,2022
Trevon Sanders,2019,2021,DT,NYJ,0,3,1755000,585000,0,0,0,2022
Eurndraus Bryant,2019,2021,DT,LAC,0,3,1755000,585000,0,0,0,2022
Derrek Thomas,2019,2021,CB,SEA,0,3,1755000,585000,0,0,0,2022
DeMarquis Gates,2019,2021,OLB,WAS,23,3,1755000,585000,0,0,0,2022
Kemon Hall,2019,2021,CB,LAC,0,3,1755000,585000,0,0,0,2022
Mark Fields,2019,2021,CB,KC,0,3,1755000,585000,0,0,0,2022
Reggie Howard,2019,2021,DT,LAC,0,3,1755000,585000,0,0,0,2022
Bradford Lemmons,2019,2021,CB,LAC,0,3,1755000,585000,0,0,0,2022
Cody Brown,2019,2021,S,JAC,0,3,1755000,585000,0,0,0,2022
Andrew Ankrah,2019,2021,DT,WAS,0,3,1755000,585000,0,0,0,2022
Chris Peace,2019,2021,DE,LAC,0,3,1755000,585000,0,0,0,2022
Jhavonte Dean,2019,2021,CB,CLE,0,3,1755000,585000,0,0,0,2022
Rodney Randle,2019,2021,S,LAC,0,3,1755000,585000,0,0,0,2022
Roderic Teamer,2019,2021,S,LAR,0,3,1755000,585000,0,0,0,2022
Sterling Shippy,2019,2021,DT,IND,0,3,1755000,585000,0,0,0,2022
Shakial Taylor,2019,2021,CB,IND,0,3,1755000,585000,0,0,0,2022
Terrell Bonds,2019,2021,CB,BAL,0,3,1755000,585000,0,0,0,2022
Daniel Wise,2019,2021,DT,DAL,0,3,1755000,585000,0,0,0,2022
Jalen Dalton,2019,2021,DE,CHI,0,3,1755000,585000,0,0,0,2022
Jay Hayes,2019,2021,DE,PIT,0,3,1755000,585000,0,0,0,2022
Alexander Myres,2019,2021,CB,PIT,0,3,1755000,585000,0,0,0,2022
Parker Baldwin,2019,2021,S,ATL,0,3,1755000,585000,0,0,0,2022
Chris Nelson,2019,2021,DT,PIT,0,3,1755000,585000,0,0,0,2022
Darious Williams,2019,2021,CB,NO,0,3,1755000,585000,0,0,0,2022
Yurik Bethune,2019,2021,OLB,ATL,0,3,1755000,585000,0,0,0,2022
Jonathan Ledbetter,2019,2021,DE,MIA,0,3,1755000,585000,0,0,0,2022
Tre Crawford III,2019,2021,OLB,ATL,0,3,1755000,585000,0,0,0,2022
Kahzin Daniels,2019,2021,DE,TB,0,3,1755000,585000,0,0,0,2022
Saivion Smith,2019,2021,CB,JAC,0,3,1755000,585000,0,0,0,2022
Aaron Adeoye,2019,2021,DE,BAL,0,3,1755000,585000,0,0,0,2022
Terrance Alexander,2019,2021,CB,MIN,0,3,1755000,585000,0,0,0,2022
Stacy Keely,2019,2021,DE,MIN,0,3,1755000,585000,0,0,0,2022
Javier Edwards,2019,2021,DT,HOU,0,3,1755000,585000,0,0,0,2022
Brandon Copeland,2019,2019,DE,NYJ,27,1,1750000,1750000,500000,500000,28.57,2020
Rodney Gunter,2019,2019,DT,ARI,27,1,1750000,1750000,1600000,1600000,91.43,2020
Holton Hill,2018,2020,CB,MIN,22,3,1725000,575000,75000,75000,4.35,2021
Kevin Toliver,2018,2020,CB,CHI,23,3,1725000,575000,15000,15000,0.87,2021
George Odum,2018,2020,S,IND,25,3,1723000,574333,13000,13000,0.75,2021
Jonathan Owens,2018,2020,S,ARI,23,3,1722000,574000,12000,12000,0.7,2021
Brandon Facyson,2018,2020,CB,LAC,24,3,1720000,573333,10000,10000,0.58,2021
Sean Chandler,2018,2020,S,NYG,23,3,1720000,573333,35000,35000,2.03,2021
Danny Johnson,2018,2020,CB,WAS,23,3,1720000,573333,10000,10000,0.58,2021
Taylor Stallworth,2018,2020,DT,NO,23,3,1720000,573333,10000,10000,0.58,2021
J.C. Jackson,2018,2020,CB,NE,23,3,1720000,573333,10000,10000,0.58,2021
Matt Dickerson,2018,2020,DE,TEN,23,3,1719000,573000,15000,15000,0.87,2021
Poona Ford,2018,2020,DT,SEA,23,3,1718000,572667,8000,8000,0.47,2021
Dennis Gardeck,2018,2020,OLB,ARI,24,3,1716000,572000,6000,6000,0.35,2021
Tre Herndon,2018,2020,CB,JAC,23,3,1715000,571667,17700,17700,1.03,2021
Michael Hughes,2018,2020,DT,JAC,23,3,1715000,571667,5000,5000,0.29,2021
Raven Greene,2018,2020,S,GB,24,3,1713500,571167,3500,3500,0.2,2021
Ezekiel Turner,2018,2020,S,ARI,22,3,1713000,571000,3000,3000,0.18,2021
Trayvon Henderson,2018,2020,S,CIN,23,3,1712000,570667,2000,2000,0.12,2021
Rashard Fant,2018,2020,CB,CHI,24,3,1711000,570333,1000,1000,0.06,2021
Kenneth Durden,2018,2020,S,TEN,26,3,1710000,570000,0,0,0,2021
Nigel Harris,2018,2020,OLB,TEN,24,3,1710000,570000,0,0,0,2021
LaTroy Lewis,2018,2020,ILB,TEN,25,3,1710000,570000,0,0,0,2021
Trevon Young,2018,2020,DE,LAR,24,3,1710000,570000,0,0,0,2021
Tavierre Thomas,2018,2020,S,CLESigned w/ARI,23,3,1710000,570000,0,0,0,2021
Lyndon Johnson,2018,2020,DE,JAC,24,3,1710000,570000,0,0,0,2021
Quenton Meeks,2018,2020,CB,JAC,22,3,1710000,570000,0,0,0,2021
C.J. Reavis,2018,2020,S,JAC,23,3,1710000,570000,0,0,0,2021
Charvarius Ward,2018,2020,CB,KCSigned w/DAL,23,3,1710000,570000,0,0,0,2021
Emmanuel Moseley,2018,2020,CB,SF,23,3,1710000,570000,0,0,0,2021
Bruce Hector,2018,2020,DT,PHI,24,3,1710000,570000,0,0,0,2021
Mike Love,2018,2020,DE,BUF,25,3,1710000,570000,0,0,0,2021
Darious Williams,2018,2020,S,LARSigned w/BAL,26,3,1710000,570000,0,0,0,2021
Josh Fatu,2018,2020,DT,DET,23,3,1710000,570000,0,0,0,2021
Joshua Kalu,2018,2020,S,TEN,0,3,1710000,570000,0,0,0,2021
John Atkins,2018,2020,DT,DET,26,3,1710000,570000,0,0,0,2021
A.J. Moore,2018,2020,S,HOUSigned w/NE,23,3,1710000,570000,0,0,0,2021
Andre Chachere,2018,2020,CB,DET,23,3,1710000,570000,0,0,0,2021
Brandon Bryant,2018,2020,CB,NYJ,23,3,1710000,570000,0,0,0,2021
Benson Mayowa,2019,2019,DE,OAK,27,1,1700000,1700000,750000,750000,44.12,2020
Jared Norris,2019,2020,OLB,CAR,25,2,1690000,845000,150000,150000,8.88,2021
Tashawn Bower,2017,2019,DE,MIN,24,3,1680000,560000,45000,45000,2.68,2020
Dylan Cole,2017,2019,ILB,HOU,24,3,1677000,559000,27000,27000,1.61,2020
Jamal Carter,2017,2019,SS,DEN,25,3,1675000,558333,20000,20000,1.19,2020
Eric Wilson,2017,2019,OLB,MIN,24,3,1675000,558333,20000,20000,1.19,2020
Chase Allen,2017,2019,OLB,MIA,25,3,1675000,558333,20000,20000,1.19,2020
Torry McTyer,2017,2019,CB,MIA,24,3,1672500,557500,7500,7500,0.45,2020
Nicholas Morrow,2017,2019,OLB,OAK,23,3,1672500,557500,7500,7500,0.45,2020
Adam Butler,2017,2019,DT,NE,25,3,1670000,556667,20000,20000,1.2,2020
Eli Ankou,2017,2019,DT,JACSigned w/HOU,24,3,1668500,556167,20000,20000,1.2,2020
Riley Bullough,2017,2019,ILB,TENSigned w/TB,25,3,1665000,555000,0,0,0,2020
Nate Gerry,2017,2020,OLB,PHI,24,3,1665000,555000,0,0,0,2021
Kenny Moore,2017,2019,CB,INDSigned w/NE,23,3,1665000,555000,0,0,0,2020
Michael Davis,2017,2019,CB,LAC,24,3,1665000,555000,0,0,0,2020
Keionta Davis,2017,2019,DE,NE,25,3,1665000,555000,0,0,0,2020
Brooks Reed,2019,2019,DE,ARI,32,1,1625000,1625000,250000,250000,15.38,2020
Joel Heath,2019,2019,DT,HOU,25,1,1610000,1610000,0,0,0,2020
David Amerson,2018,2019,CB,ARI,27,2,1595000,797500,0,0,0,2020
Lorenzo Doss,2018,2019,CB,CAR,25,2,1595000,797500,0,0,0,2020
Ray-Ray Armstrong,2019,2019,ILB,CLE,28,1,1550000,1550000,400000,400000,25.81,2020
T.Y. McGill,2018,2019,DT,LACSigned w/PHI,26,2,1525000,762500,0,0,0,2020
Marcus Smith,2018,2019,DE,WAS,27,2,1510000,755000,0,0,0,2020
Marquis Flowers,2018,2019,OLB,WAS,27,2,1510000,755000,0,0,0,2020
Aaron Lynch,2019,2019,DE,CHI,26,1,1500000,1500000,1250000,1250000,83.33,2020
Neville Hewitt,2019,2019,ILB,NYJ,26,1,1500000,1500000,500000,500000,33.33,2020
Chris Milton,2019,2019,CB,IND,26,1,1500000,1500000,600000,600000,40,2020
Tyrone Holmes,2019,2020,DE,MIA,25,2,1420000,710000,50000,50000,3.52,2021
Kerry Wynn,2019,2019,DT,CIN,28,1,1400000,1400000,300000,300000,21.43,2020
Josh Mauro,2019,2019,DT,OAK,28,1,1400000,1400000,400000,400000,28.57,2020
Akeem King,2019,2019,SS,SEA,26,1,1400000,1400000,400000,400000,28.57,2020
Aaron Wallace,2018,2020,OLB,DEN,25,2,1395000,697500,0,0,0,2021
Deon Simon,2019,2020,DT,GB,28,2,1380000,690000,0,0,0,2021
Joey Mbu,2019,2020,DT,MIA,26,2,1380000,690000,0,0,0,2021
James Burgess,2019,2020,ILB,MIA,25,2,1380000,690000,0,0,0,2021
Kyle Peko,2019,2020,DT,BUF,25,2,1380000,690000,0,0,0,2021
Chris Landrum,2019,2020,OLB,HOU,26,2,1380000,690000,0,0,0,2021
Obi Melifonwu,2018,2019,S,NE,25,2,1380000,690000,100000,100000,7.25,2020
Lenzy Pipkins,2018,2019,CB,CLE,25,2,1380000,690000,0,0,0,2020
Kyle Love,2019,2019,DT,CAR,32,1,1350000,1350000,200000,200000,14.81,2020
Tramaine Brock,2019,2019,CB,ARI,30,1,1350000,1350000,500000,500000,37.04,2020
C.J. Goodwin,2018,2019,S,DAL,29,2,1350000,675000,0,0,0,2020
Gabe Wright,2018,2019,DT,OAK,27,2,1350000,675000,0,0,0,2020
Christian Ringo,2018,2019,DT,CIN,27,2,1350000,675000,0,0,0,2020
Denzel Rice,2018,2019,CB,BUFSigned w/CLE,26,2,1350000,675000,0,0,0,2020
Jihad Ward,2018,2019,DE,IND,25,2,1350000,675000,0,0,0,2020
Keivarae Russell,2018,2019,CB,CIN,25,2,1350000,675000,0,0,0,2020
Eric Lee,2018,2019,DE,DET,24,2,1350000,675000,0,0,0,2020
Crevon LeBlanc,2018,2019,CB,PHI,24,2,1350000,675000,0,0,0,2020
Sharrod Neasman,2018,2019,S,ATL,27,2,1350000,675000,0,0,0,2020
Brian Price,2018,2019,DT,CLE,24,2,1350000,675000,0,0,0,2020
Josh Hawkins,2018,2019,CB,PHI,26,2,1350000,675000,0,0,0,2020
Andrew Sendejo,2019,2019,SS,PHI,31,1,1300000,1300000,500000,500000,38.46,2020
Brent Urban,2019,2019,DT,TEN,28,1,1250000,1250000,250000,250000,20,2020
Chris Odom,2019,2020,DE,ATL,24,2,1230000,615000,0,0,0,2021
Kapron Lewis-Moore,2019,2020,DE,SF,29,2,1230000,615000,0,0,0,2021
Caushaud Lyons,2019,2020,DE,DEN,26,2,1230000,615000,0,0,0,2021
Avery Moss,2019,2020,DE,NYG,24,2,1230000,615000,0,0,0,2021
Treston Decoud,2019,2020,S,DAL,25,2,1230000,615000,0,0,0,2021
Ifeadi Odenigbo,2019,2020,DE,MIN,25,2,1230000,615000,0,0,0,2021
Pat O'Connor,2019,2020,DE,TB,25,2,1230000,615000,0,0,0,2021
Harvey Langi,2019,2020,ILB,NYJ,26,2,1230000,615000,0,0,0,2021
Devaroe Lawrence,2019,2020,DT,CLE,26,2,1230000,615000,0,0,0,2021
Demetrious Cox,2019,2020,S,CIN,25,2,1230000,615000,0,0,0,2021
Gimel President,2019,2020,OLB,TEN,24,2,1230000,615000,0,0,0,2021
Demone Harris,2019,2020,DE,TB,23,2,1230000,615000,0,0,0,2021
Jamiyus Pittman,2019,2020,DT,MIA,24,2,1230000,615000,0,0,0,2021
Chandon Sullivan,2019,2020,CB,GB,22,2,1230000,615000,0,0,0,2021
Pita Taumoepenu,2018,2019,OLB,SF,25,1,1200000,1200000,0,0,0,2020
Joshua Holsey,2018,2019,CB,WAS,24,2,1200000,600000,0,0,0,2020
Treyvon Hester,2018,2019,DT,PHI,26,2,1200000,600000,0,0,0,2020
Cameron Malveaux,2018,2019,DE,ARI,24,2,1200000,600000,0,0,0,2020
Carroll Phillips,2018,2019,OLB,IND,26,2,1200000,600000,0,0,0,2020
Maurice Smith,2018,2019,S,MIA,23,2,1200000,600000,0,0,0,2020
James Onwualu,2018,2019,OLB,JACSigned w/SF,24,2,1200000,600000,0,0,0,2020
Brandon Marshall,2019,2019,ILB,OAK,29,1,1200000,1200000,350000,350000,29.17,2020
Jordan Dangerfield,2018,2019,FS,PIT,28,2,1200000,600000,0,0,0,2020
Kenny Ladler,2018,2019,SS,NYG,26,2,1200000,600000,0,0,0,2020
Marcus Hardison,2018,2019,DT,LACSigned w/HOU,27,2,1200000,600000,0,0,0,2020
Dean Marlowe,2018,2019,SS,BUF,26,2,1200000,600000,0,0,0,2020
Vincent Valentine,2018,2019,DT,ARI,25,2,1200000,600000,0,0,0,2020
Joe Walker,2018,2019,ILB,ARI,26,2,1200000,600000,0,0,0,2020
Anthony Lanier,2018,2019,DE,LAC,26,2,1200000,600000,0,0,0,2020
Brendan Langley,2018,2019,CB,DEN,24,2,1200000,600000,0,0,0,2020
Brian Allen,2018,2019,CB,PIT,25,2,1200000,600000,0,0,0,2020
Caleb Brantley,2018,2019,DT,WAS,24,2,1200000,600000,0,0,0,2020
Jahleel Addae,2019,2019,SS,HOU,29,1,1105000,1105000,150000,150000,13.57,2020
James Vaughters,2019,2020,DE,CHI,25,2,1080000,540000,0,0,0,2021
Jonathan Mincy,2019,2020,CB,CHI,26,2,1080000,540000,0,0,0,2021
Travez Calhoun,2019,2020,S,ATL,26,2,1080000,540000,0,0,0,2021
Farrington Huguenin,2019,2020,DE,TB,27,2,1080000,540000,0,0,0,2021
Jeremiah McKinnon,2019,2020,CB,PHI,25,2,1080000,540000,0,0,0,2021
Ronald Zamort,2019,2020,CB,NYG,27,2,1080000,540000,0,0,0,2021
A.J. Hendy,2019,2020,S,HOU,26,2,1080000,540000,0,0,0,2021
Shakir Soto,2019,2020,DE,DAL,25,2,1080000,540000,0,0,0,2021
Horace Richardson,2018,2020,CB,DEN,25,2,1080000,540000,0,0,0,2021
David Jones,2019,2020,CB,DET,25,2,1080000,540000,0,0,0,2021
D.J. Killings,2019,2020,CB,IND,23,2,1080000,540000,0,0,0,2021
Jomal Wiltz,2019,2020,CB,MIA,24,2,1080000,540000,0,0,0,2021
Andrew Brown,2019,2020,DE,CIN,23,2,1080000,540000,0,0,0,2021
Chris Campbell,2019,2020,CB,NO,23,2,1080000,540000,0,0,0,2021
Quentin Poling,2019,2020,ILB,MIA,24,2,1080000,540000,0,0,0,2021
Travin Howard,2019,2020,OLB,LAR,22,2,1080000,540000,0,0,0,2021
Chris Lammons,2018,2019,CB,MIA,23,2,1080000,540000,0,0,0,2020
Curtis Cothran,2019,2020,DT,MIN,24,2,1080000,540000,0,0,0,2021
Jonathan Wynn,2019,2020,DE,DET,23,2,1080000,540000,0,0,0,2021
Jacob Tuioti-Mariner,2019,2020,DT,ATL,22,2,1080000,540000,0,0,0,2021
Donovan Olumba,2019,2020,CB,DAL,23,2,1080000,540000,0,0,0,2021
Chris Cooper,2019,2020,S,ATL,25,2,1080000,540000,0,0,0,2021
Robert Jackson,2019,2020,CB,CLE,25,2,1080000,540000,0,0,0,2021
Tomasi Laulile,2019,2020,DT,NO,23,2,1080000,540000,0,0,0,2021
Abdullah Anderson,2019,2020,DT,CHI,23,2,1080000,540000,0,0,0,2021
Michael Joseph,2019,2020,CB,CHI,24,2,1080000,540000,0,0,0,2021
Daniel Ekuale,2019,2020,DT,CLE,25,2,1080000,540000,0,0,0,2021
Dee Liner,2019,2020,DT,TEN,25,2,1080000,540000,0,0,0,2021
Jojo Wicker,2019,2020,DE,WAS,22,2,1080000,540000,0,0,0,2021
Joe Ostman,2019,2020,DE,PHI,23,2,1080000,540000,0,0,0,2021
Damon Webb,2019,2020,S,TEN,23,2,1080000,540000,0,0,0,2021
Linden Stephens,2019,2020,S,DEN,24,2,1080000,540000,0,0,0,2021
Tigie Sankoh,2019,2020,S,CLE,21,2,1080000,540000,0,0,0,2021
Afolabi Laguda,2019,2020,S,ATL,23,2,1080000,540000,0,0,0,2021
Steven Parker,2019,2020,S,LAR,23,2,1080000,540000,0,0,0,2021
John Franklin,2019,2020,CB,CHI,24,2,1080000,540000,0,0,0,2021
Ramon Richards,2019,2020,SS,LAR,23,2,1080000,540000,0,0,0,2021
Eric Cotton,2019,2020,DE,GB,0,2,1080000,540000,0,0,0,2021
Dominique Rodgers-Cromartie,2019,2019,CB,WAS,33,1,1075000,1075000,0,0,0,2020
Grant Haley,2018,2019,CB,NYG,23,2,1050000,525000,0,0,0,2020
Nick Deluca,2018,2019,ILB,JAC,24,2,1050000,525000,0,0,0,2020
Rico Gafford,2018,2019,CB,OAK,22,2,1050000,525000,0,0,0,2020
Dallin Leavitt,2018,2019,S,OAK,24,2,1050000,525000,0,0,0,2020
Godwin Igwebuike,2018,2019,S,PHISigned w/TB,24,2,1050000,525000,0,0,0,2020
Will Redmond,2018,2019,CB,GB,25,2,1050000,525000,0,0,0,2020
Justin Zimmer,2018,2019,DT,ATL,26,2,1050000,525000,0,0,0,2020
Cassanova Mckinzy,2018,2019,DE,WAS,26,2,1050000,525000,0,0,0,2020
Antwaun Woods,2018,2019,DT,DAL,26,2,1050000,525000,0,0,0,2020
Rolan Milligan,2018,2019,S,IND,24,2,1050000,525000,0,0,0,2020
Jeff Richards,2018,2019,CB,LAC,28,2,1050000,525000,0,0,0,2020
Jeremiah Ledbetter,2018,2019,DT,TB,24,2,1050000,525000,0,0,0,2020
Ryan Lewis,2018,2019,CB,BUF,25,2,1050000,525000,0,0,0,2020
David Rivers III,2018,2019,CB,TB,24,2,1050000,525000,0,0,0,2020
Dee Virgin,2018,2019,CB,DETSigned w/HOU,25,2,1050000,525000,0,0,0,2020
Ahmad Thomas,2018,2019,S,IND,24,2,1050000,525000,0,0,0,2020
Tre' Sullivan,2018,2019,S,PHI,25,2,1050000,525000,0,0,0,2020
James Looney,2018,2019,DT,GB,23,2,1050000,525000,0,0,0,2020
Kendrick Norton,2018,2019,DT,MIA,21,2,1050000,525000,0,0,0,2020
Kendall Donnerson,2018,2019,OLB,GB,23,2,1050000,525000,0,0,0,2020
Tony Brown,2018,2019,CB,GB,22,2,1050000,525000,0,0,0,2020
Tyree Robinson,2018,2019,S,SF,25,2,1050000,525000,0,0,0,2020
Niles Scott,2018,2019,DT,CIN,23,2,1050000,525000,0,0,0,2020
Trey Marshall,2018,2019,S,DEN,23,2,1050000,525000,0,0,0,2020
Michael Ford,2018,2019,CB,DET,23,2,1050000,525000,0,0,0,2020
Jeremy Reaves,2018,2019,S,WAS,22,2,1050000,525000,0,0,0,2020
Levi Wallace,2018,2019,CB,BUF,23,2,1050000,525000,0,0,0,2020
Tyler Lancaster,2018,2019,DT,GB,24,2,1050000,525000,0,0,0,2020
Montrel Meander,2018,2019,S,OAK,24,2,1050000,525000,0,0,0,2020
Chris Jones,2018,2019,S,ARI,23,2,1050000,525000,0,0,0,2020
Craig James,2018,2019,CB,MIN,23,2,1050000,525000,0,0,0,2020
Jalen Davis,2018,2019,CB,MIA,23,2,1050000,525000,0,0,0,2020
Ryan Neal,2018,2019,FS,ATL,23,2,1050000,525000,0,0,0,2020
Randy Gregory,2019,2020,OLB,DAL,26,1,1045000,1045000,310000,310000,29.67,2021
Marcus Sherels,2019,2019,CB,NO,31,1,1020000,1020000,90000,90000,8.82,2020
George Iloka,2019,2019,FS,DAL,29,1,1020000,1020000,300000,300000,29.41,2020
Justin Hamilton,2017,2019,DT,KC,25,2,1020000,510000,0,0,0,2020
Brandon Bell,2017,2019,OLB,CIN,24,2,1020000,510000,0,0,0,2020
Neiko Thorpe,2019,2019,CB,SEA,29,1,1000000,1000000,100000,100000,10,2020
Kerry Hyder,2019,2019,DT,DAL,28,1,1000000,1000000,300000,300000,30,2020
Olsen Pierre,2019,2019,DT,NYG,27,1,1000000,1000000,0,0,0,2020
Kentrell Brice,2019,2019,S,TB,24,1,1000000,1000000,0,0,0,2020
Hardy Nickerson Jr.,2017,2019,ILB,CIN,25,2,990000,495000,0,0,0,2020
Bruce Carter,2019,2019,OLB,ATL,31,1,930000,930000,0,0,0,2020
Andrew Adams,2019,2019,S,DET,26,1,920000,920000,100000,100000,10.87,2020
Cedric Thornton,2019,2019,DT,SF,30,1,915000,915000,0,0,0,2020
Billy Winn,2019,2019,DE,DEN,30,1,905000,905000,0,0,0,2020
Briean Boddy-Calhoun,2019,2019,S,HOU,26,1,900000,900000,0,0,0,2020
Nathan Stupar,2019,2019,OLB,NYG,31,1,895000,895000,225000,225000,25.14,2020
Kevin Minter,2019,2019,ILB,TB,28,1,895000,895000,90000,90000,10.06,2020
Blidi Wreh-Wilson,2019,2019,CB,ATL,29,1,895000,895000,90000,90000,10.06,2020
Steven Means,2019,2019,DE,ATL,29,1,895000,895000,90000,90000,10.06,2020
Nick Williams,2019,2019,DT,CHI,29,1,895000,895000,90000,90000,10.06,2020
Kemal Ishmael,2019,2019,OLB,ATL,28,1,895000,895000,90000,90000,10.06,2020
Marcus Cooper,2019,2019,CB,DET,29,1,895000,895000,240000,240000,26.82,2020
Jeremiah Attaochu,2019,2019,OLB,KC,26,1,895000,895000,90000,90000,10.06,2020
Phillip Gaines,2019,2019,CB,CLE,28,1,895000,895000,45000,45000,5.03,2020
Jaylen Watkins,2019,2019,S,LAC,26,1,895000,895000,60000,60000,6.7,2020
Jordan Richards,2019,2019,SS,OAK,26,1,895000,895000,45000,45000,5.03,2020
Eli Harold,2019,2019,OLB,BUF,25,1,895000,895000,90000,90000,10.06,2020
Josh Shaw,2019,2019,FS,ARI,27,1,895000,895000,45000,45000,5.03,2020
Tyeler Davison,2019,2019,DT,ATL,26,1,895000,895000,110000,110000,12.29,2020
Rakeem Nunez-Roches,2019,2019,DT,TB,25,1,895000,895000,240000,240000,26.82,2020
Mike Hull,2019,2019,ILB,MIA,27,1,895000,895000,90000,90000,10.06,2020
J.J. Wilcox,2019,2019,FS,ATL,30,1,895000,895000,200000,200000,22.35,2020
Antone Exum,2019,2019,FS,SF,28,1,855000,855000,50000,50000,5.85,2020
Keith Reaser,2019,2019,CB,KC,27,1,820000,820000,50000,50000,6.1,2020
Tony Lippett,2019,2019,CB,NYG,26,1,810000,810000,60000,60000,7.41,2020
Curtis Riley,2019,2019,FS,OAK,26,1,810000,810000,165000,165000,20.37,2020
Cornellius Carradine,2019,2019,DE,MIA,30,1,805000,805000,0,0,0,2020
Damontre Moore,2019,2019,DE,SF,26,1,805000,805000,0,0,0,2020
Shamarko Thomas,2019,2019,SS,DEN,28,1,805000,805000,0,0,0,2020
Paul Worrilow,2019,2019,OLB,PHI,29,1,805000,805000,0,0,0,2020
Dontae Johnson,2019,2019,CB,KC,27,1,805000,805000,0,0,0,2020
Corey Nelson,2019,2019,ILB,TB,27,1,805000,805000,0,0,0,2020
Nate Orchard,2019,2019,OLB,SEA,26,1,805000,805000,0,0,0,2020
Najee Goode,2019,2019,OLB,JAC,29,1,805000,805000,0,0,0,2020
Ramik Wilson,2019,2019,ILB,JAC,26,1,805000,805000,0,0,0,2020
D.J. Alexander,2019,2019,ILB,JAC,27,1,805000,805000,0,0,0,2020
Jayrone Elliott,2019,2019,OLB,MIA,27,1,795000,795000,75000,75000,9.43,2020
DeAndre Houston-Carson,2019,2019,S,CHI,26,1,770000,770000,25000,25000,3.25,2020
David Parry,2019,2019,DT,NE,27,1,760000,760000,0,0,0,2020
Ra'Shede Hageman,2019,2019,DE,ATL,28,1,735000,735000,15000,15000,2.04,2020
T.J. Barnes,2019,2019,DT,CAR,28,1,725000,725000,5000,5000,0.69,2020
Derron Smith,2019,2019,SS,MIN,27,1,725000,725000,5000,5000,0.69,2020
Destiny Vaeao,2019,2019,DT,CAR,25,1,725000,725000,5000,5000,0.69,2020
Luke Rhodes,2019,2019,ILB,IND,26,1,720000,720000,0,0,0,2020
Jamie Meder,2019,2019,DE,SEA,28,1,720000,720000,0,0,0,2020
Martrell Spaight,2019,2019,ILB,KC,25,1,720000,720000,0,0,0,2020
Justin March,2019,2019,OLB,DAL,25,1,720000,720000,0,0,0,2020
Jonathan Anderson,2019,2019,ILB,NYG,27,1,720000,720000,0,0,0,2020
Darian Thompson,2019,2019,FS,DAL,25,1,720000,720000,0,0,0,2020
Mike Jordan,2019,2019,CB,TEN,26,1,720000,720000,0,0,0,2020
Devante Harris,2019,2019,CB,TB,25,1,720000,720000,0,0,0,2020
Lafayette Pitts,2019,2019,CB,BUF,26,1,720000,720000,0,0,0,2020
Darius Kilgo,2019,2019,DT,DET,27,1,720000,720000,0,0,0,2020
Arthur Maulet,2019,2019,CB,NYJ,25,1,657000,657000,12000,12000,1.83,2020
DeVante Bausby,2019,2019,CB,DEN,26,1,655000,655000,10000,10000,1.53,2020
Deon Lacey,2019,2019,OLB,BUF,28,1,645000,645000,0,0,0,2020
Stanley Jean-Baptiste,2019,2019,CB,BAL,29,1,645000,645000,0,0,0,2020
Jalen Collins,2019,2019,CB,IND,26,1,645000,645000,0,0,0,2020
Michael Bennett,2019,2019,DT,ATL,26,1,645000,645000,0,0,0,2020
Jermaine Whitehead,2019,2019,FS,CLE,26,1,645000,645000,0,0,0,2020
Harold Jones-Quartey,2019,2019,SS,KC,25,1,645000,645000,0,0,0,2020
Bronson Kaufusi,2019,2019,DE,NYJ,27,1,645000,645000,0,0,0,2020
Mike Purcell,2019,2019,DT,DEN,28,1,645000,645000,0,0,0,2020
Juston Burris,2019,2019,CB,CLE,25,1,645000,645000,0,0,0,2020
Devante Bond,2019,2019,OLB,TB,25,1,645000,645000,0,0,0,2020
Jonathan Woodard,2019,2019,DE,MIA,25,1,645000,645000,0,0,0,2020
Kalan Reed,2019,2019,CB,SEA,25,1,645000,645000,0,0,0,2020
Donte Deayon,2019,2019,S,LAR,25,1,645000,645000,0,0,0,2020
Mike Hilton,2019,2019,CB,PIT,25,1,645000,645000,0,0,0,2020
Isaiah Johnson,2019,2019,S,TB,26,1,645000,645000,0,0,0,2020
Tony McRae,2019,2019,CB,CIN,26,1,645000,645000,0,0,0,2020
Morgan Fox,2019,2019,DE,LAR,24,1,645000,645000,0,0,0,2020
Roy Robertson-Harris,2019,2019,DE,CHI,25,1,645000,645000,0,0,0,2020
Eddie Yarbrough,2019,2019,DE,BUF,26,1,645000,645000,0,0,0,2020
Charles Washington,2019,2019,CB,DET,26,1,645000,645000,0,0,0,2020
James Cowser,2019,2019,OLB,OAK,28,1,645000,645000,0,0,0,2020
Trevon Coley,2019,2019,DT,CLE,24,1,645000,645000,0,0,0,2020
Marwin Evans,2019,2019,S,SEA,26,1,645000,645000,0,0,0,2020
Branden Jackson,2019,2019,DE,SEA,26,1,645000,645000,0,0,0,2020
Vince Biegel,2019,2019,OLB,NO,25,1,645000,645000,0,0,0,2020
Jeremy Clark,2019,2019,CB,NYJ,24,1,645000,645000,0,0,0,2020
Brandon Wilson,2019,2019,S,CIN,24,1,645000,645000,0,0,0,2020
Shalom Luani,2019,2019,S,SEA,24,1,645000,645000,0,0,0,2020
Isaac Rochell,2019,2019,DT,LAC,24,1,645000,645000,0,0,0,2020
Elijah Lee,2019,2019,OLB,SF,23,1,645000,645000,0,0,0,2020
Bryan Cox Jr.,2019,2019,DE,CAR,24,1,645000,645000,0,0,0,2020
Josh Tupou,2019,2019,DT,CIN,25,1,645000,645000,0,0,0,2020
Joe Jones,2019,2019,OLB,DEN,25,1,645000,645000,0,0,0,2020
Justin Hardee,2019,2019,CB,NO,25,1,645000,645000,0,0,0,2020
Daniel Ross,2019,2019,DT,DAL,26,1,645000,645000,0,0,0,2020
Greg Mabin,2019,2019,CB,SF,24,1,645000,645000,0,0,0,2020
Dymonte Thomas,2019,2019,S,DEN,25,1,645000,645000,0,0,0,2020
Isaiah Irving,2019,2019,OLB,CHI,24,1,645000,645000,0,0,0,2020
Dominique Hatfield,2019,2019,CB,LAR,24,1,645000,645000,0,0,0,2020
Ufomba Kamalu,2018,2019,DE,NE,26,1,630000,630000,0,0,0,2020
Makinton Dorleant,2019,2019,CB,OAK,26,1,570000,570000,0,0,0,2020
Woodrow Hamilton,2019,2019,DT,CAR,26,1,570000,570000,0,0,0,2020
Doug Middleton,2019,2019,FS,NYJ,25,1,570000,570000,0,0,0,2020
Steve Longa,2019,2019,OLB,DET,24,1,570000,570000,0,0,0,2020
Kevin Peterson,2019,2019,CB,LAR,25,1,570000,570000,0,0,0,2020
Pete Robertson,2019,2019,OLB,ARI,26,1,570000,570000,0,0,0,2020
Darnell Sankey,2019,2019,ILB,NO,24,1,570000,570000,0,0,0,2020
Elijah Qualls,2019,2019,DT,CAR,24,1,570000,570000,0,0,0,2020
Ejuan Price,2019,2019,OLB,BAL,26,1,570000,570000,0,0,0,2020
Calvin Munson,2019,2019,ILB,NE,23,1,570000,570000,0,0,0,2020
Tre'Von Johnson,2019,2019,OLB,LAC,24,1,570000,570000,0,0,0,2020
Kai Nacua,2019,2019,S,CAR,24,1,570000,570000,0,0,0,2020
Austin Calitro,2019,2019,ILB,SEA,25,1,570000,570000,0,0,0,2020
Fadol Brown,2019,2019,DE,GB,26,1,570000,570000,0,0,0,2020
Jermaine Grace,2019,2019,OLB,ATL,25,1,570000,570000,0,0,0,2020
Deatrick Nichols,2019,2019,CB,ARI,24,1,570000,570000,0,0,0,2020
J.T. Gray,2019,2019,DE,NO,23,1,570000,570000,0,0,0,2020
Josh Carraway,2019,2019,OLB,LAR,25,1,570000,570000,0,0,0,2020
Efe Obada,2019,2019,DE,CAR,27,1,570000,570000,0,0,0,2020
Justin Currie,2019,2019,SS,SEA,25,1,570000,570000,0,0,0,2020
Antwione Williams,2019,2019,OLB,CAR,25,1,570000,570000,0,0,0,2020
Reggie Gilbert,2019,2019,DE,GB,26,1,570000,570000,0,0,0,2020
Breon Borders,2018,2019,CB,JAC,23,1,555000,555000,0,0,0,2020
A.J. Howard,2019,2019,S,NE,23,1,505000,505000,5000,5000,0.99,2020
Duke Thomas,2019,2019,S,MIN,24,1,500000,500000,2500,2500,0.5,2020
Karter Schult,2019,2019,DE,MIN,25,1,500000,500000,2500,2500,0.5,2020
Bennett Jackson,2019,2019,SS,BAL,27,1,495000,495000,0,0,0,2020
Damien Parms,2019,2019,S,CAR,26,1,495000,495000,0,0,0,2020
Lavon Hooks,2019,2019,DE,PIT,27,1,495000,495000,0,0,0,2020
Brandon Chubb,2019,2019,ILB,CAR,25,1,495000,495000,0,0,0,2020
Jake Ceresna,2019,2019,DT,NYG,0,1,495000,495000,0,0,0,2020
Joey Ivie,2019,2019,DT,KC,24,1,495000,495000,0,0,0,2020
Keion Adams,2019,2019,OLB,PIT,23,1,495000,495000,0,0,0,2020
Marcelis Branch,2019,2019,CB,PIT,25,1,495000,495000,0,0,0,2020
Jterius Jones,2019,2019,OLB,PIT,25,1,495000,495000,0,0,0,2020
Alex Barrett,2019,2019,DE,OAK,25,1,495000,495000,0,0,0,2020
Josh Thornton,2019,2019,CB,CAR,26,1,495000,495000,0,0,0,2020
Cole Luke,2019,2019,CB,CAR,23,1,495000,495000,0,0,0,2020
Orion Stewart,2019,2019,CB,TB,25,1,495000,495000,0,0,0,2020
Casey Sayles,2019,2019,DT,PIT,23,1,495000,495000,0,0,0,2020
Winston Craig,2019,2019,DT,PIT,23,1,495000,495000,0,0,0,2020
Jonathan Moxey,2019,2019,CB,ARI,24,1,495000,495000,0,0,0,2020
Jeremy Boykins,2019,2019,CB,SEA,23,1,495000,495000,0,0,0,2020
Brady Sheldon,2019,2019,OLB,GB,26,1,495000,495000,0,0,0,2020
Simeon Thomas,2019,2019,CB,SEA,25,1,495000,495000,0,0,0,2020
Tray Matthews,2019,2019,S,GB,24,1,495000,495000,0,0,0,2020
Kam Kelly,2019,2019,CB,PIT,22,1,495000,495000,0,0,0,2020
Henre' Toliver,2019,2019,CB,NYG,22,1,495000,495000,0,0,0,2020
Cavon Walker,2019,2019,DE,KC,24,1,495000,495000,0,0,0,2020
Quin Blanding,2019,2019,S,WASSigned w/CAR,23,1,495000,495000,0,0,0,2020
Conor Sheehy,2019,2019,DE,PIT,22,1,495000,495000,0,0,0,2020
Arrion Springs,2019,2019,S,LAC,23,1,495000,495000,0,0,0,2020
DMontre Wade,2019,2019,S,KC,24,1,495000,495000,0,0,0,2020
Trent Harris,2019,2019,DT,NE,23,1,495000,495000,0,0,0,2020
Frank Herron,2019,2019,DT,NE,24,1,495000,495000,0,0,0,2020
Patrick Afriyie,2019,2019,DE,LAC,22,1,495000,495000,0,0,0,2020
Trey Johnson,2019,2019,CB,DEN,24,1,495000,495000,0,0,0,2020
