data_src,id,src_id,player,pos,team,seasonpts,site_season_pts,weekpts,site_pts,games,dst_sacks,dst_int,dst_fum_rec,dst_safety,dst_td,dst_blk,dst_ret_td,dst_pts_allowed,week,season
NFL,0530,100029,San Francisco 49ers,DEF,SF,58,64.35,6,5.51,1,1.87,0.85,0.64,0.03,0.08,0.08,0.02,23.94,1,2018
NFL,0521,100005,Chicago Bears,DEF,CHI,187,156.97,14,6.36,1,2.58,0.89,0.58,0.03,0.1,0.07,0.03,23.27,1,2018
NFL,0506,100006,Cincinnati Bengals,DEF,CIN,84,83.73,12,7.33,1,2.55,1,0.91,0.03,0.1,0.07,0.05,25.14,1,2018
NFL,0501,100003,Buffalo Bills,DEF,BUF,107,86.39,0,6.29,1,2.09,0.96,0.66,0.03,0.13,0.08,0.02,21.22,1,2018
NFL,0511,100009,Denver Broncos,DEF,DEN,124,108.81,12,6.97,1,2.63,1,0.61,0.05,0.14,0.07,0.03,21.01,1,2018
NFL,0507,100007,Cleveland Browns,DEF,CLE,98,103.58,16,5.53,1,1.47,0.92,0.72,0.03,0.09,0.08,0.03,24.38,1,2018
NFL,0525,100031,Tampa Bay Buccaneers,DEF,TB,68,75.07,7,5.26,1,1.52,0.89,0.58,0.04,0.09,0.05,0.03,27.45,1,2018
NFL,0519,100026,Arizona Cardinals,DEF,ARI,103,78.92,5,6.14,1,2.28,0.88,0.6,0.03,0.11,0.06,0.03,22.64,1,2018
NFL,0514,100028,Los Angeles Chargers,DEF,LAC,112,87.2,-3,6.66,1,2.26,1.03,0.69,0.03,0.12,0.07,0.03,23.96,1,2018
NFL,0512,100016,Kansas City Chiefs,DEF,KC,130,119.68,10,5.96,1,1.84,1.06,0.61,0.03,0.09,0.06,0.03,24.01,1,2018
NFL,0502,100014,Indianapolis Colts,DEF,IND,116,90.82,5,6.5,1,2.44,0.92,0.69,0.03,0.1,0.07,0.03,19.68,1,2018
NFL,0516,100008,Dallas Cowboys,DEF,DAL,98,80,6,6.56,1,2.54,0.93,0.63,0.03,0.1,0.07,0.04,20.11,1,2018
NFL,0503,100019,Miami Dolphins,DEF,MIA,116,108.51,13,6.72,1,2.7,0.89,0.64,0.03,0.12,0.08,0.03,21.4,1,2018
NFL,0518,100025,Philadelphia Eagles,DEF,PHI,97,79.19,10,6.16,1,1.98,0.98,0.64,0.05,0.1,0.07,0.04,22.12,1,2018
NFL,0526,100001,Atlanta Falcons,DEF,ATL,79,84.38,7,6.3,1,2.04,0.95,0.7,0.03,0.13,0.08,0.02,21.35,1,2018
NFL,0517,100023,New York Giants,DEF,NYG,84,90.39,4,6.18,1,1.56,0.96,0.92,0.04,0.11,0.08,0.02,22.89,1,2018
NFL,0509,100015,Jacksonville Jaguars,DEF,JAX,115,91.42,13,6.9,1,2.14,1.06,0.77,0.04,0.14,0.06,0.03,16.04,1,2018
NFL,0505,100024,New York Jets,DEF,NYJ,103,106.85,26,6.62,1,2.44,1.02,0.58,0.04,0.12,0.07,0.03,23.32,1,2018
NFL,0522,100010,Detroit Lions,DEF,DET,100,83.59,8,6.9,1,2.54,1.02,0.62,0.03,0.14,0.07,0.03,19.53,1,2018
NFL,0523,100011,Green Bay Packers,DEF,GB,93,85.22,7,7.33,1,2.81,1.05,0.73,0.03,0.11,0.07,0.04,21.42,1,2018
NFL,0527,100004,Carolina Panthers,DEF,CAR,92,83.27,12,6.89,1,2.63,1.01,0.66,0.04,0.11,0.07,0.03,22.54,1,2018
NFL,0504,100021,New England Patriots,DEF,NE,135,88.54,8,7.51,1,2.91,1.07,0.71,0.04,0.13,0.08,0.03,18.24,1,2018
NFL,0513,100018,Oakland Raiders,DEF,OAK,45,61.81,1,5.69,1,1.93,0.86,0.63,0.03,0.09,0.07,0.03,26.61,1,2018
NFL,0528,100017,Los Angeles Rams,DEF,LA,150,112.67,17,5.96,1,1.7,1.01,0.6,0.04,0.13,0.08,0.03,18.75,1,2018
NFL,0531,100002,Baltimore Ravens,DEF,BAL,132,83.28,17,7.88,1,2.68,1.19,0.71,0.04,0.17,0.1,0.05,18.04,1,2018
NFL,0520,100032,Washington Redskins,DEF,WAS,120,98.72,13,7.24,1,2.82,1.02,0.67,0.04,0.13,0.06,0.03,20.31,1,2018
NFL,0529,100022,New Orleans Saints,DEF,NO,108,108.99,-4,6.2,1,1.82,1.05,0.62,0.04,0.13,0.08,0.03,18.22,1,2018
NFL,0515,100030,Seattle Seahawks,DEF,SEA,121,98.2,7,6.06,1,2.06,0.93,0.62,0.03,0.11,0.06,0.03,21.24,1,2018
NFL,0510,100027,Pittsburgh Steelers,DEF,PIT,110,100.71,9,6.81,1,2.85,0.89,0.67,0.03,0.09,0.08,0.04,18.85,1,2018
NFL,0532,100013,Houston Texans,DEF,HOU,146,118.41,8,5.36,1,1.7,0.77,0.64,0.03,0.08,0.06,0.05,28.23,1,2018
NFL,0508,100012,Tennessee Titans,DEF,TEN,119,79.41,11,6.87,1,2.49,1.04,0.69,0.04,0.11,0.06,0.03,20.29,1,2018
NFL,0524,100020,Minnesota Vikings,DEF,MIN,124,102.35,18,6.89,1,2.39,1.06,0.62,0.03,0.14,0.07,0.04,19.59,1,2018
NFL,0530,100029,San Francisco 49ers,DEF,SF,58,64.35,4,5.66,1,2.06,0.79,0.61,0.04,0.1,0.09,0.02,19.48,2,2018
NFL,0521,100005,Chicago Bears,DEF,CHI,187,156.97,17,6.95,1,2.69,0.78,0.66,0.06,0.13,0.08,0.08,21.21,2,2018
NFL,0506,100006,Cincinnati Bengals,DEF,CIN,84,83.73,10,5.75,1,1.89,0.88,0.69,0.03,0.1,0.08,0.01,24.64,2,2018
NFL,0501,100003,Buffalo Bills,DEF,BUF,107,86.39,1,5.42,1,1.78,0.74,0.66,0.03,0.1,0.08,0.03,24.95,2,2018
NFL,0511,100009,Denver Broncos,DEF,DEN,124,108.81,2,5.76,1,1.84,0.87,0.64,0.03,0.1,0.09,0.04,19.67,2,2018
NFL,0507,100007,Cleveland Browns,DEF,CLE,98,103.58,7,5.06,1,1.76,0.62,0.67,0.03,0.11,0.08,NA,27.22,2,2018
NFL,0525,100031,Tampa Bay Buccaneers,DEF,TB,68,75.07,7,5.47,1,1.83,0.63,0.71,0.03,0.13,0.09,0.02,25.62,2,2018
NFL,0519,100026,Arizona Cardinals,DEF,ARI,103,78.92,3,5.57,1,2.37,0.65,0.61,0.04,0.1,0.07,NA,25.46,2,2018
NFL,0514,100028,Los Angeles Chargers,DEF,LAC,112,87.2,10,7.04,1,2.68,1.14,0.64,0.04,0.1,0.06,0.02,19.94,2,2018
NFL,0512,100016,Kansas City Chiefs,DEF,KC,130,119.68,-3,5.27,1,1.85,0.76,0.6,0.02,0.09,0.09,0.02,24.69,2,2018
NFL,0502,100014,Indianapolis Colts,DEF,IND,116,90.82,9,5.02,1,1.76,0.63,0.62,0.02,0.11,0.1,0.01,24.94,2,2018
NFL,0516,100008,Dallas Cowboys,DEF,DAL,98,80,12,5.56,1,1.9,0.92,0.55,0.03,0.1,0.07,0.01,19.86,2,2018
NFL,0503,100019,Miami Dolphins,DEF,MIA,116,108.51,13,6.05,1,2.45,0.99,0.47,0.04,0.1,0.11,NA,23.86,2,2018
NFL,0518,100025,Philadelphia Eagles,DEF,PHI,97,79.19,6,6.36,1,1.98,1.16,0.64,0.03,0.11,0.09,0.01,20.06,2,2018
NFL,0526,100001,Atlanta Falcons,DEF,ATL,79,84.38,4,6.5,1,2.38,0.94,0.71,0.05,0.1,0.07,0.02,20.29,2,2018
NFL,0517,100023,New York Giants,DEF,NYG,84,90.39,1,5.86,1,2.12,0.93,0.58,0.03,0.1,0.07,0.01,25.65,2,2018
NFL,0509,100015,Jacksonville Jaguars,DEF,JAX,115,91.42,5,5.92,1,2,0.91,0.66,0.03,0.1,0.08,0.02,21.74,2,2018
NFL,0505,100024,New York Jets,DEF,NYJ,103,106.85,9,6.36,1,2.16,1,0.69,0.05,0.1,0.08,0.02,19.34,2,2018
NFL,0522,100010,Detroit Lions,DEF,DET,100,83.59,5,5.78,1,1.9,0.86,0.67,0.02,0.11,0.11,0.02,23.1,2,2018
NFL,0523,100011,Green Bay Packers,DEF,GB,93,85.22,9,6.14,1,2.26,0.94,0.65,0.05,0.09,0.07,0.01,24.44,2,2018
NFL,0527,100004,Carolina Panthers,DEF,CAR,92,83.27,1,5.74,1,2.14,0.8,0.64,0.03,0.1,0.08,0.01,21.91,2,2018
NFL,0504,100021,New England Patriots,DEF,NE,135,88.54,3,5.78,1,2.08,0.83,0.7,0.02,0.09,0.08,0.01,22.47,2,2018
NFL,0513,100018,Oakland Raiders,DEF,OAK,45,61.81,4,5.23,1,1.71,0.82,0.62,0.02,0.1,0.08,NA,24.72,2,2018
NFL,0528,100017,Los Angeles Rams,DEF,LA,150,112.67,13,6.31,1,2.25,0.91,0.69,0.04,0.1,0.12,0.03,17.38,2,2018
NFL,0531,100002,Baltimore Ravens,DEF,BAL,132,83.28,-1,6.26,1,2.38,0.96,0.62,0.03,0.1,0.09,0.01,18.94,2,2018
NFL,0520,100032,Washington Redskins,DEF,WAS,120,98.72,5,5.85,1,2.03,1.02,0.56,0.03,0.09,0.07,0.01,18.6,2,2018
NFL,0529,100022,New Orleans Saints,DEF,NO,108,108.99,6,6.68,1,2.78,0.94,0.59,0.06,0.09,0.08,0.03,17.37,2,2018
NFL,0515,100030,Seattle Seahawks,DEF,SEA,121,98.2,7,6.65,1,2.37,0.95,0.74,0.03,0.1,0.09,0.04,20.65,2,2018
NFL,0510,100027,Pittsburgh Steelers,DEF,PIT,110,100.71,1,6.42,1,2.72,0.81,0.67,0.04,0.09,0.1,0.02,19.98,2,2018
NFL,0532,100013,Houston Texans,DEF,HOU,146,118.41,2,6.27,1,2.47,0.91,0.66,0.03,0.1,0.08,NA,22.6,2,2018
NFL,0508,100012,Tennessee Titans,DEF,TEN,119,79.41,7,7,1,2.62,1.13,0.62,0.05,0.1,0.06,0.03,19.79,2,2018
NFL,0524,100020,Minnesota Vikings,DEF,MIN,124,102.35,3,6.31,1,2.39,0.99,0.57,0.04,0.1,0.06,0.02,19.9,2,2018
NFL,0530,100029,San Francisco 49ers,DEF,SF,58,64.35,-2,5.43,1,1.89,0.73,0.71,0.03,0.1,0.07,NA,23.47,3,2018
NFL,0521,100005,Chicago Bears,DEF,CHI,187,156.97,13,6.65,1,2.49,0.88,0.64,0.05,0.11,0.09,0.06,20.71,3,2018
NFL,0506,100006,Cincinnati Bengals,DEF,CIN,84,83.73,0,6.07,1,2.29,0.9,0.66,0.03,0.1,0.09,NA,23.68,3,2018
NFL,0501,100003,Buffalo Bills,DEF,BUF,107,86.39,17,5.33,1,2.07,0.71,0.62,0.03,0.09,0.06,NA,28.87,3,2018
NFL,0511,100009,Denver Broncos,DEF,DEN,124,108.81,2,5.77,1,1.99,0.84,0.7,0.02,0.09,0.1,0.02,27.97,3,2018
NFL,0507,100007,Cleveland Browns,DEF,CLE,98,103.58,9,6.5,1,2.64,0.86,0.69,0.05,0.1,0.1,0.01,21.63,3,2018
NFL,0525,100031,Tampa Bay Buccaneers,DEF,TB,68,75.07,5,5.35,1,1.79,0.64,0.66,0.03,0.11,0.09,0.04,24.38,3,2018
NFL,0519,100026,Arizona Cardinals,DEF,ARI,103,78.92,8,6.42,1,2.72,0.75,0.72,0.05,0.09,0.08,0.02,21.84,3,2018
NFL,0514,100028,Los Angeles Chargers,DEF,LAC,112,87.2,1,5.64,1,2.2,0.78,0.6,0.04,0.1,0.07,NA,23.27,3,2018
NFL,0512,100016,Kansas City Chiefs,DEF,KC,130,119.68,4,6.1,1,2.18,0.88,0.61,0.05,0.1,0.1,0.04,20.38,3,2018
NFL,0502,100014,Indianapolis Colts,DEF,IND,116,90.82,10,5.22,1,1.72,0.72,0.71,0.02,0.1,0.09,NA,27.8,3,2018
NFL,0516,100008,Dallas Cowboys,DEF,DAL,98,80,2,6.24,1,2.54,0.88,0.66,0.04,0.08,0.06,0.01,21.79,3,2018
NFL,0503,100019,Miami Dolphins,DEF,MIA,116,108.51,8,5.25,1,1.65,0.91,0.47,0.03,0.11,0.1,0.02,18.17,3,2018
NFL,0518,100025,Philadelphia Eagles,DEF,PHI,97,79.19,3,6.29,1,2.07,1.08,0.63,0.04,0.1,0.1,0.02,17.1,3,2018
NFL,0526,100001,Atlanta Falcons,DEF,ATL,79,84.38,-3,5.23,1,1.59,0.81,0.62,0.03,0.1,0.06,0.02,21.84,3,2018
NFL,0517,100023,New York Giants,DEF,NYG,84,90.39,7,6.74,1,2.44,1.09,0.66,0.04,0.11,0.07,0.01,24.97,3,2018
NFL,0509,100015,Jacksonville Jaguars,DEF,JAX,115,91.42,7,6.57,1,2.29,1.05,0.66,0.04,0.1,0.08,0.03,17.4,3,2018
NFL,0505,100024,New York Jets,DEF,NYJ,103,106.85,4,6.45,1,2.63,0.95,0.59,0.04,0.1,0.07,0.01,20.5,3,2018
NFL,0522,100010,Detroit Lions,DEF,DET,100,83.59,8,5.23,1,1.79,0.72,0.61,0.03,0.11,0.1,0.01,26.1,3,2018
NFL,0523,100011,Green Bay Packers,DEF,GB,93,85.22,1,5.99,1,2.15,0.95,0.64,0.03,0.09,0.09,0.01,24.18,3,2018
NFL,0527,100004,Carolina Panthers,DEF,CAR,92,83.27,10,5.98,1,2.32,0.79,0.64,0.04,0.09,0.09,0.03,20.01,3,2018
NFL,0504,100021,New England Patriots,DEF,NE,135,88.54,3,6.19,1,2.25,0.93,0.65,0.03,0.1,0.11,0.02,21.73,3,2018
NFL,0513,100018,Oakland Raiders,DEF,OAK,45,61.81,0,5.87,1,2.17,0.83,0.72,0.03,0.09,0.1,NA,23.64,3,2018
NFL,0528,100017,Los Angeles Rams,DEF,LA,150,112.67,12,5.88,1,1.84,0.89,0.71,0.03,0.1,0.11,0.03,19.25,3,2018
NFL,0531,100002,Baltimore Ravens,DEF,BAL,132,83.28,6,5.99,1,2.01,1.01,0.56,0.03,0.1,0.07,0.03,17.31,3,2018
NFL,0520,100032,Washington Redskins,DEF,WAS,120,98.72,7,5.97,1,2.21,0.89,0.58,0.05,0.1,0.08,0.02,20.1,3,2018
NFL,0529,100022,New Orleans Saints,DEF,NO,108,108.99,-1,5.8,1,2.1,0.83,0.69,0.03,0.1,0.07,NA,22.55,3,2018
NFL,0515,100030,Seattle Seahawks,DEF,SEA,121,98.2,15,5.89,1,2.13,0.98,0.57,0.03,0.1,0.08,NA,19.34,3,2018
NFL,0510,100027,Pittsburgh Steelers,DEF,PIT,110,100.71,17,6.39,1,2.23,0.99,0.62,0.02,0.11,0.09,0.04,22.32,3,2018
NFL,0532,100013,Houston Texans,DEF,HOU,146,118.41,4,6,1,2.36,0.85,0.58,0.03,0.1,0.08,0.02,20.69,3,2018
NFL,0508,100012,Tennessee Titans,DEF,TEN,119,79.41,12,5.15,1,1.85,0.71,0.64,0.03,0.09,0.06,NA,25.85,3,2018
NFL,0524,100020,Minnesota Vikings,DEF,MIN,124,102.35,3,7.62,1,2.98,1.16,0.63,0.14,0.09,0.07,0.04,17.1,3,2018
NFL,0530,100029,San Francisco 49ers,DEF,SF,58,64.35,8,5.07,1,1.63,0.68,0.72,0.02,0.09,0.09,0.01,24.51,4,2018
NFL,0521,100005,Chicago Bears,DEF,CHI,187,156.97,14,6.72,1,2.18,1.06,0.67,0.03,0.11,0.07,0.06,19.99,4,2018
NFL,0506,100006,Cincinnati Bengals,DEF,CIN,84,83.73,-1,5.55,1,1.97,0.82,0.65,0.02,0.1,0.07,NA,23.32,4,2018
NFL,0501,100003,Buffalo Bills,DEF,BUF,107,86.39,6,5.79,1,2.11,0.77,0.7,0.04,0.09,0.07,0.02,24,4,2018
NFL,0511,100009,Denver Broncos,DEF,DEN,124,108.81,1,5.61,1,2.03,0.63,0.68,0.03,0.1,0.11,0.05,22.41,4,2018
NFL,0507,100007,Cleveland Browns,DEF,CLE,98,103.58,3,5.45,1,1.93,0.8,0.63,0.03,0.1,0.08,NA,22.09,4,2018
NFL,0525,100031,Tampa Bay Buccaneers,DEF,TB,68,75.07,-3,6.23,1,2.55,0.73,0.69,0.03,0.11,0.1,0.02,23.06,4,2018
NFL,0519,100026,Arizona Cardinals,DEF,ARI,103,78.92,3,6.38,1,2.68,0.8,0.66,0.06,0.1,0.07,0.01,22.82,4,2018
NFL,0514,100028,Los Angeles Chargers,DEF,LAC,112,87.2,5,6.51,1,2.57,0.94,0.64,0.06,0.09,0.09,0.02,18.19,4,2018
NFL,0512,100016,Kansas City Chiefs,DEF,KC,130,119.68,6,5.97,1,1.99,0.97,0.54,0.03,0.1,0.07,0.05,21.81,4,2018
NFL,0502,100014,Indianapolis Colts,DEF,IND,116,90.82,8,6.78,1,2.62,1.03,0.64,0.05,0.1,0.09,0.02,21.47,4,2018
NFL,0516,100008,Dallas Cowboys,DEF,DAL,98,80,3,5.78,1,2.24,0.8,0.57,0.04,0.1,0.08,0.02,20.61,4,2018
NFL,0503,100019,Miami Dolphins,DEF,MIA,116,108.51,0,4.69,1,1.71,0.8,0.37,0.02,0.1,0.1,NA,25.36,4,2018
NFL,0518,100025,Philadelphia Eagles,DEF,PHI,97,79.19,5,6.27,1,2.21,1.07,0.6,0.03,0.1,0.09,0.01,20.32,4,2018
NFL,0526,100001,Atlanta Falcons,DEF,ATL,79,84.38,1,6.03,1,2.15,0.87,0.68,0.03,0.1,0.07,0.02,20.71,4,2018
NFL,0517,100023,New York Giants,DEF,NYG,84,90.39,0,4.92,1,1.52,0.71,0.63,0.03,0.1,0.07,0.01,25.03,4,2018
NFL,0509,100015,Jacksonville Jaguars,DEF,JAX,115,91.42,9,6.98,1,2.68,1.03,0.65,0.05,0.1,0.09,0.04,17.29,4,2018
NFL,0505,100024,New York Jets,DEF,NYJ,103,106.85,7,5.19,1,1.83,0.72,0.63,0.03,0.1,0.07,NA,25.59,4,2018
NFL,0522,100010,Detroit Lions,DEF,DET,100,83.59,3,6.23,1,2.39,0.83,0.7,0.03,0.1,0.09,0.02,23.97,4,2018
NFL,0523,100011,Green Bay Packers,DEF,GB,93,85.22,23,7.38,1,3.06,1.05,0.7,0.08,0.09,0.08,0.02,20.35,4,2018
NFL,0504,100021,New England Patriots,DEF,NE,135,88.54,10,6.72,1,2.54,0.92,0.76,0.05,0.09,0.11,0.03,18.33,4,2018
NFL,0513,100018,Oakland Raiders,DEF,OAK,45,61.81,12,6.02,1,2.1,0.91,0.62,0.04,0.1,0.08,0.03,20.56,4,2018
NFL,0528,100017,Los Angeles Rams,DEF,LA,150,112.67,5,6.06,1,2.2,0.93,0.62,0.05,0.1,0.09,0.01,19.83,4,2018
NFL,0531,100002,Baltimore Ravens,DEF,BAL,132,83.28,6,5.52,1,1.86,0.8,0.68,0.02,0.1,0.09,0.01,22.41,4,2018
NFL,0529,100022,New Orleans Saints,DEF,NO,108,108.99,8,5.77,1,2.15,0.87,0.58,0.03,0.1,0.1,0.01,20.96,4,2018
NFL,0515,100030,Seattle Seahawks,DEF,SEA,121,98.2,4,6.71,1,2.37,1.14,0.64,0.03,0.1,0.09,0.02,19.79,4,2018
NFL,0510,100027,Pittsburgh Steelers,DEF,PIT,110,100.71,4,6.44,1,2.28,0.95,0.74,0.03,0.1,0.09,0.02,24.32,4,2018
NFL,0532,100013,Houston Texans,DEF,HOU,146,118.41,13,5.92,1,2.34,0.83,0.63,0.03,0.1,0.07,NA,22.95,4,2018
NFL,0508,100012,Tennessee Titans,DEF,TEN,119,79.41,6,5.97,1,2.15,0.82,0.7,0.03,0.1,0.07,0.02,24.26,4,2018
NFL,0524,100020,Minnesota Vikings,DEF,MIN,124,102.35,-3,5.64,1,2.16,0.77,0.6,0.07,0.1,0.07,NA,24.59,4,2018
NFL,0530,100029,San Francisco 49ers,DEF,SF,58,64.35,1,6.27,1,2.23,0.94,0.65,0.04,0.1,0.09,0.03,17.12,5,2018
NFL,0506,100006,Cincinnati Bengals,DEF,CIN,84,83.73,22,6.33,1,2.37,0.88,0.69,0.05,0.1,0.09,0.02,18.7,5,2018
NFL,0501,100003,Buffalo Bills,DEF,BUF,107,86.39,12,5.9,1,2.04,0.84,0.66,0.04,0.1,0.07,0.03,22.71,5,2018
NFL,0511,100009,Denver Broncos,DEF,DEN,124,108.81,4,6.05,1,2.43,0.84,0.58,0.03,0.1,0.12,0.02,23.08,5,2018
NFL,0507,100007,Cleveland Browns,DEF,CLE,98,103.58,10,5.94,1,2.16,0.79,0.74,0.03,0.1,0.09,0.01,26.73,5,2018
NFL,0519,100026,Arizona Cardinals,DEF,ARI,103,78.92,21,6.53,1,2.67,0.88,0.71,0.04,0.1,0.08,NA,23.18,5,2018
NFL,0514,100028,Los Angeles Chargers,DEF,LAC,112,87.2,11,5.69,1,1.77,0.97,0.57,0.03,0.1,0.07,0.03,18.09,5,2018
NFL,0512,100016,Kansas City Chiefs,DEF,KC,130,119.68,22,5.51,1,1.91,0.69,0.66,0.03,0.1,0.07,0.04,23.7,5,2018
NFL,0502,100014,Indianapolis Colts,DEF,IND,116,90.82,0,4.9,1,1.76,0.68,0.57,0.02,0.1,0.09,NA,27.5,5,2018
NFL,0516,100008,Dallas Cowboys,DEF,DAL,98,80,6,6.87,1,2.89,1.01,0.61,0.04,0.1,0.07,0.01,21.34,5,2018
NFL,0503,100019,Miami Dolphins,DEF,MIA,116,108.51,11,5.35,1,1.91,0.9,0.46,0.03,0.11,0.1,NA,23.4,5,2018
NFL,0518,100025,Philadelphia Eagles,DEF,PHI,97,79.19,4,6.13,1,2.13,0.91,0.65,0.05,0.1,0.08,0.03,20.49,5,2018
NFL,0526,100001,Atlanta Falcons,DEF,ATL,79,84.38,-2,5.27,1,1.77,0.71,0.69,0.02,0.1,0.09,0.01,25.39,5,2018
NFL,0517,100023,New York Giants,DEF,NYG,84,90.39,5,5.69,1,2.15,0.78,0.63,0.03,0.09,0.08,0.02,27.15,5,2018
NFL,0509,100015,Jacksonville Jaguars,DEF,JAX,115,91.42,5,5.72,1,2.12,0.8,0.7,0.03,0.09,0.08,NA,21.26,5,2018
NFL,0505,100024,New York Jets,DEF,NYJ,103,106.85,7,5.89,1,1.95,0.98,0.6,0.03,0.1,0.08,0.02,20.18,5,2018
NFL,0522,100010,Detroit Lions,DEF,DET,100,83.59,10,5.79,1,2.03,0.79,0.69,0.04,0.09,0.1,0.03,22.23,5,2018
NFL,0523,100011,Green Bay Packers,DEF,GB,93,85.22,2,6.06,1,2.18,1.03,0.56,0.02,0.09,0.1,0.02,24.82,5,2018
NFL,0527,100004,Carolina Panthers,DEF,CAR,92,83.27,12,6.06,1,2.2,0.91,0.62,0.04,0.1,0.1,0.02,18.69,5,2018
NFL,0504,100021,New England Patriots,DEF,NE,135,88.54,7,6.13,1,2.09,0.98,0.65,0.03,0.11,0.09,0.01,18.45,5,2018
NFL,0513,100018,Oakland Raiders,DEF,OAK,45,61.81,1,4.94,1,1.52,0.72,0.67,0.02,0.1,0.08,NA,26.5,5,2018
NFL,0528,100017,Los Angeles Rams,DEF,LA,150,112.67,1,6.79,1,2.69,0.99,0.66,0.04,0.1,0.11,0.02,20.49,5,2018
NFL,0531,100002,Baltimore Ravens,DEF,BAL,132,83.28,11,7.26,1,2.54,1.22,0.68,0.04,0.12,0.07,0.02,18.16,5,2018
NFL,0520,100032,Washington Redskins,DEF,WAS,120,98.72,0,5.39,1,1.85,0.79,0.6,0.02,0.09,0.07,0.03,25.41,5,2018
NFL,0529,100022,New Orleans Saints,DEF,NO,108,108.99,8,6.12,1,2.26,0.75,0.64,0.03,0.1,0.09,0.07,19.72,5,2018
NFL,0515,100030,Seattle Seahawks,DEF,SEA,121,98.2,4,5.25,1,1.95,0.75,0.56,0.04,0.09,0.08,0.01,22.71,5,2018
NFL,0510,100027,Pittsburgh Steelers,DEF,PIT,110,100.71,15,6.06,1,2.3,0.84,0.65,0.03,0.1,0.09,0.02,20.89,5,2018
NFL,0532,100013,Houston Texans,DEF,HOU,146,118.41,7,6.37,1,2.75,0.75,0.71,0.05,0.09,0.07,0.01,21.7,5,2018
NFL,0508,100012,Tennessee Titans,DEF,TEN,119,79.41,7,7.48,1,3.32,0.96,0.67,0.06,0.11,0.07,0.02,20.33,5,2018
NFL,0524,100020,Minnesota Vikings,DEF,MIN,124,102.35,13,5.77,1,2.13,0.84,0.65,0.03,0.1,0.08,NA,25.78,5,2018
NFL,0530,100029,San Francisco 49ers,DEF,SF,58,64.35,2,5.69,1,1.95,0.79,0.63,0.03,0.1,0.09,0.04,23.71,6,2018
NFL,0521,100005,Chicago Bears,DEF,CHI,187,156.97,5,7.18,1,2.68,0.98,0.76,0.06,0.1,0.09,0.05,17.72,6,2018
NFL,0506,100006,Cincinnati Bengals,DEF,CIN,84,83.73,-1,5.22,1,1.8,0.66,0.66,0.03,0.11,0.09,0.01,23.04,6,2018
NFL,0501,100003,Buffalo Bills,DEF,BUF,107,86.39,14,6.66,1,2.64,0.95,0.69,0.04,0.1,0.08,0.01,25.51,6,2018
NFL,0511,100009,Denver Broncos,DEF,DEN,124,108.81,7,5.14,1,2.08,0.59,0.57,0.04,0.1,0.11,0.01,25.26,6,2018
NFL,0507,100007,Cleveland Browns,DEF,CLE,98,103.58,-1,5.48,1,2,0.69,0.75,0.03,0.09,0.08,NA,23.56,6,2018
NFL,0525,100031,Tampa Bay Buccaneers,DEF,TB,68,75.07,0,5.27,1,2.01,0.67,0.64,0.02,0.1,0.08,NA,25.54,6,2018
NFL,0519,100026,Arizona Cardinals,DEF,ARI,103,78.92,14,5.83,1,2.25,0.77,0.69,0.03,0.1,0.06,NA,26.82,6,2018
NFL,0514,100028,Los Angeles Chargers,DEF,LAC,112,87.2,10,6.61,1,2.49,1.01,0.62,0.04,0.1,0.07,0.03,20.2,6,2018
NFL,0512,100016,Kansas City Chiefs,DEF,KC,130,119.68,0,5.08,1,1.6,0.83,0.55,0.03,0.09,0.09,0.02,26.05,6,2018
NFL,0502,100014,Indianapolis Colts,DEF,IND,116,90.82,2,5.97,1,2.31,0.85,0.62,0.03,0.1,0.1,0.01,23.77,6,2018
NFL,0516,100008,Dallas Cowboys,DEF,DAL,98,80,11,5.82,1,2.08,0.79,0.69,0.03,0.1,0.06,0.02,22.63,6,2018
NFL,0503,100019,Miami Dolphins,DEF,MIA,116,108.51,7,6,1,2.28,0.78,0.55,0.05,0.11,0.12,0.05,22.05,6,2018
NFL,0518,100025,Philadelphia Eagles,DEF,PHI,97,79.19,10,6.01,1,2.11,0.93,0.66,0.03,0.1,0.1,0.01,19.98,6,2018
NFL,0526,100001,Atlanta Falcons,DEF,ATL,79,84.38,5,6.54,1,2.2,1.01,0.71,0.03,0.1,0.07,0.04,20.94,6,2018
NFL,0517,100023,New York Giants,DEF,NYG,84,90.39,0,5.48,1,1.94,0.75,0.65,0.04,0.1,0.09,0.01,26.36,6,2018
NFL,0509,100015,Jacksonville Jaguars,DEF,JAX,115,91.42,-1,6.72,1,2.74,0.94,0.71,0.04,0.09,0.07,0.01,21.51,6,2018
NFL,0505,100024,New York Jets,DEF,NYJ,103,106.85,13,5.72,1,1.88,0.91,0.62,0.03,0.1,0.08,0.02,21.17,6,2018
NFL,0523,100011,Green Bay Packers,DEF,GB,93,85.22,7,6.86,1,2.48,1.08,0.64,0.05,0.1,0.1,0.04,22.04,6,2018
NFL,0527,100004,Carolina Panthers,DEF,CAR,92,83.27,3,6.14,1,2.2,0.89,0.71,0.04,0.1,0.09,0.01,22.03,6,2018
NFL,0504,100021,New England Patriots,DEF,NE,135,88.54,0,5.63,1,1.87,0.82,0.7,0.03,0.09,0.09,0.02,20.29,6,2018
NFL,0513,100018,Oakland Raiders,DEF,OAK,45,61.81,3,6.12,1,2.38,0.81,0.68,0.05,0.1,0.09,0.01,22.22,6,2018
NFL,0528,100017,Los Angeles Rams,DEF,LA,150,112.67,5,6.38,1,2.14,1.12,0.62,0.02,0.1,0.1,0.02,19.85,6,2018
NFL,0531,100002,Baltimore Ravens,DEF,BAL,132,83.28,21,6.3,1,2.24,1.01,0.62,0.04,0.1,0.08,0.02,18.23,6,2018
NFL,0520,100032,Washington Redskins,DEF,WAS,120,98.72,8,6.14,1,2.4,0.87,0.6,0.04,0.1,0.09,0.02,22.22,6,2018
NFL,0515,100030,Seattle Seahawks,DEF,SEA,121,98.2,17,5.51,1,1.67,0.99,0.58,0.02,0.1,0.08,0.01,21.01,6,2018
NFL,0510,100027,Pittsburgh Steelers,DEF,PIT,110,100.71,3,6.53,1,2.63,0.92,0.64,0.03,0.1,0.11,0.02,21.54,6,2018
NFL,0532,100013,Houston Texans,DEF,HOU,146,118.41,18,7.48,1,3.5,0.86,0.67,0.07,0.1,0.07,0.03,19.47,6,2018
NFL,0508,100012,Tennessee Titans,DEF,TEN,119,79.41,2,5.8,1,1.96,0.83,0.7,0.03,0.1,0.07,0.02,24.61,6,2018
NFL,0524,100020,Minnesota Vikings,DEF,MIN,124,102.35,12,6.23,1,2.31,0.92,0.61,0.04,0.1,0.07,0.03,18.03,6,2018
NFL,0530,100029,San Francisco 49ers,DEF,SF,58,64.35,-3,5.21,1,2.01,0.65,0.64,0.04,0.09,0.08,NA,24.03,7,2018
NFL,0521,100005,Chicago Bears,DEF,CHI,187,156.97,3,6.03,1,2.05,0.9,0.58,0.03,0.1,0.08,0.06,20.82,7,2018
NFL,0506,100006,Cincinnati Bengals,DEF,CIN,84,83.73,0,5.03,1,1.69,0.71,0.64,0.02,0.1,0.09,NA,24.62,7,2018
NFL,0501,100003,Buffalo Bills,DEF,BUF,107,86.39,-2,5.97,1,1.91,0.99,0.67,0.04,0.1,0.07,0.01,26.58,7,2018
NFL,0511,100009,Denver Broncos,DEF,DEN,124,108.81,32,6.2,1,2.46,0.88,0.63,0.03,0.1,0.11,0.01,22.83,7,2018
NFL,0507,100007,Cleveland Browns,DEF,CLE,98,103.58,14,6.35,1,2.37,0.95,0.74,0.03,0.09,0.09,NA,24.87,7,2018
NFL,0525,100031,Tampa Bay Buccaneers,DEF,TB,68,75.07,7,6.43,1,2.41,0.85,0.69,0.05,0.11,0.09,0.03,21.69,7,2018
NFL,0519,100026,Arizona Cardinals,DEF,ARI,103,78.92,3,6.41,1,2.23,0.98,0.65,0.04,0.12,0.07,0.02,21.97,7,2018
NFL,0514,100028,Los Angeles Chargers,DEF,LAC,112,87.2,5,6.56,1,2.44,0.97,0.62,0.05,0.1,0.07,0.04,16.43,7,2018
NFL,0512,100016,Kansas City Chiefs,DEF,KC,130,119.68,14,6.2,1,2.12,0.99,0.6,0.03,0.1,0.1,0.04,19.81,7,2018
NFL,0502,100014,Indianapolis Colts,DEF,IND,116,90.82,19,6.28,1,2.08,1.05,0.66,0.03,0.1,0.09,0.02,19.4,7,2018
NFL,0516,100008,Dallas Cowboys,DEF,DAL,98,80,2,5.83,1,2.21,0.87,0.59,0.02,0.1,0.07,0.01,20.12,7,2018
NFL,0503,100019,Miami Dolphins,DEF,MIA,116,108.51,0,5.65,1,2.21,0.78,0.45,0.04,0.11,0.12,0.04,21.29,7,2018
NFL,0518,100025,Philadelphia Eagles,DEF,PHI,97,79.19,2,6.42,1,2.32,0.95,0.67,0.04,0.1,0.1,0.03,18.59,7,2018
NFL,0526,100001,Atlanta Falcons,DEF,ATL,79,84.38,5,6.13,1,2.11,0.88,0.62,0.03,0.1,0.09,0.06,20.09,7,2018
NFL,0517,100023,New York Giants,DEF,NYG,84,90.39,5,5.39,1,2.01,0.73,0.58,0.02,0.09,0.07,0.03,26.33,7,2018
NFL,0509,100015,Jacksonville Jaguars,DEF,JAX,115,91.42,2,7.42,1,3.16,1.06,0.65,0.06,0.09,0.08,0.03,18.18,7,2018
NFL,0505,100024,New York Jets,DEF,NYJ,103,106.85,-3,5.76,1,2.02,0.81,0.71,0.05,0.09,0.07,0.01,22.15,7,2018
NFL,0522,100010,Detroit Lions,DEF,DET,100,83.59,4,5.8,1,2.1,0.86,0.67,0.02,0.1,0.1,NA,21.65,7,2018
NFL,0527,100004,Carolina Panthers,DEF,CAR,92,83.27,7,5.94,1,2.2,0.84,0.67,0.03,0.1,0.09,0.01,24.84,7,2018
NFL,0504,100021,New England Patriots,DEF,NE,135,88.54,17,6.62,1,2.56,0.89,0.75,0.03,0.1,0.09,0.02,21.35,7,2018
NFL,0528,100017,Los Angeles Rams,DEF,LA,150,112.67,21,6.64,1,2.58,0.96,0.68,0.03,0.1,0.12,0.02,21.34,7,2018
NFL,0531,100002,Baltimore Ravens,DEF,BAL,132,83.28,3,5.86,1,2.02,0.86,0.64,0.03,0.09,0.07,0.04,17.43,7,2018
NFL,0520,100032,Washington Redskins,DEF,WAS,120,98.72,15,6.32,1,2.58,0.86,0.66,0.05,0.09,0.07,0.01,20.59,7,2018
NFL,0529,100022,New Orleans Saints,DEF,NO,108,108.99,1,5.63,1,2.07,0.81,0.65,0.02,0.1,0.09,NA,25.97,7,2018
NFL,0532,100013,Houston Texans,DEF,HOU,146,118.41,14,5.97,1,2.29,0.85,0.7,0.02,0.09,0.07,NA,24.85,7,2018
NFL,0508,100012,Tennessee Titans,DEF,TEN,119,79.41,3,5.29,1,1.75,0.76,0.72,0.02,0.09,0.05,NA,24.31,7,2018
NFL,0524,100020,Minnesota Vikings,DEF,MIN,124,102.35,12,6.13,1,2.45,0.86,0.62,0.03,0.1,0.08,0.01,20.57,7,2018
NFL,0530,100029,San Francisco 49ers,DEF,SF,58,64.35,10,6.33,1,2.35,0.97,0.6,0.03,0.1,0.08,0.03,22.44,8,2018
NFL,0521,100005,Chicago Bears,DEF,CHI,187,156.97,5,7.16,1,2.64,1.07,0.65,0.03,0.1,0.09,0.07,17.36,8,2018
NFL,0506,100006,Cincinnati Bengals,DEF,CIN,84,83.73,19,6.43,1,2.21,1,0.71,0.04,0.1,0.07,0.02,22.76,8,2018
NFL,0501,100003,Buffalo Bills,DEF,BUF,107,86.39,3,5.25,1,1.69,0.7,0.63,0.03,0.1,0.07,0.04,26.9,8,2018
NFL,0511,100009,Denver Broncos,DEF,DEN,124,108.81,3,5.33,1,1.75,0.76,0.67,0.03,0.1,0.12,0.01,25.38,8,2018
NFL,0507,100007,Cleveland Browns,DEF,CLE,98,103.58,4,5.47,1,1.95,0.63,0.77,0.03,0.1,0.11,0.01,27.19,8,2018
NFL,0525,100031,Tampa Bay Buccaneers,DEF,TB,68,75.07,1,5.68,1,2.04,0.84,0.62,0.03,0.1,0.11,0.01,23.26,8,2018
NFL,0519,100026,Arizona Cardinals,DEF,ARI,103,78.92,8,6.86,1,2.88,0.87,0.76,0.06,0.09,0.08,0.01,22.89,8,2018
NFL,0512,100016,Kansas City Chiefs,DEF,KC,130,119.68,9,6.49,1,1.97,1.08,0.66,0.04,0.1,0.08,0.06,18.62,8,2018
NFL,0502,100014,Indianapolis Colts,DEF,IND,116,90.82,1,5.64,1,1.94,0.91,0.56,0.02,0.1,0.09,0.02,21.77,8,2018
NFL,0503,100019,Miami Dolphins,DEF,MIA,116,108.51,-4,6.38,1,2.8,0.98,0.48,0.03,0.1,0.11,NA,24.36,8,2018
NFL,0518,100025,Philadelphia Eagles,DEF,PHI,97,79.19,7,6.33,1,2.07,1.02,0.75,0.03,0.1,0.08,0.01,23.04,8,2018
NFL,0517,100023,New York Giants,DEF,NYG,84,90.39,3,5.88,1,2.06,0.85,0.67,0.03,0.1,0.07,0.02,21.51,8,2018
NFL,0509,100015,Jacksonville Jaguars,DEF,JAX,115,91.42,8,6.1,1,2.38,0.82,0.67,0.04,0.09,0.09,0.02,21.76,8,2018
NFL,0505,100024,New York Jets,DEF,NYJ,103,106.85,2,6.09,1,2.35,0.8,0.71,0.03,0.1,0.09,0.01,23.97,8,2018
NFL,0522,100010,Detroit Lions,DEF,DET,100,83.59,1,6.56,1,2.7,0.85,0.66,0.06,0.09,0.1,0.03,21.41,8,2018
NFL,0523,100011,Green Bay Packers,DEF,GB,93,85.22,5,5.95,1,2.19,0.91,0.67,0.03,0.09,0.08,NA,26.34,8,2018
NFL,0527,100004,Carolina Panthers,DEF,CAR,92,83.27,8,5.79,1,1.95,0.84,0.69,0.03,0.1,0.08,0.02,24.41,8,2018
NFL,0504,100021,New England Patriots,DEF,NE,135,88.54,20,7.2,1,2.22,1.35,0.67,0.02,0.11,0.09,0.04,16.99,8,2018
NFL,0513,100018,Oakland Raiders,DEF,OAK,45,61.81,-4,5.4,1,1.66,0.89,0.62,0.03,0.1,0.08,0.01,23.12,8,2018
NFL,0528,100017,Los Angeles Rams,DEF,LA,150,112.67,7,6.26,1,2.3,0.91,0.61,0.04,0.1,0.13,0.04,19.44,8,2018
NFL,0531,100002,Baltimore Ravens,DEF,BAL,132,83.28,-4,6.37,1,2.41,0.98,0.64,0.03,0.1,0.09,0.01,19.03,8,2018
NFL,0520,100032,Washington Redskins,DEF,WAS,120,98.72,15,5.93,1,2.29,0.88,0.58,0.03,0.1,0.09,0.01,20.95,8,2018
NFL,0529,100022,New Orleans Saints,DEF,NO,108,108.99,15,6.12,1,2.32,0.82,0.72,0.03,0.1,0.07,0.01,24.49,8,2018
NFL,0515,100030,Seattle Seahawks,DEF,SEA,121,98.2,10,5.78,1,2.1,0.85,0.6,0.03,0.1,0.08,0.02,22.65,8,2018
NFL,0510,100027,Pittsburgh Steelers,DEF,PIT,110,100.71,7,7.59,1,3.21,0.99,0.75,0.06,0.1,0.1,0.03,18.45,8,2018
NFL,0532,100013,Houston Texans,DEF,HOU,146,118.41,4,6.25,1,2.47,0.85,0.65,0.03,0.1,0.09,0.02,19.75,8,2018
NFL,0524,100020,Minnesota Vikings,DEF,MIN,124,102.35,2,5.32,1,1.84,0.76,0.59,0.03,0.1,0.06,0.02,21.65,8,2018
NFL,0530,100029,San Francisco 49ers,DEF,SF,58,64.35,15,5.27,1,1.75,0.82,0.58,0.03,0.1,0.08,0.01,19.54,9,2018
NFL,0521,100005,Chicago Bears,DEF,CHI,187,156.97,28,7.69,1,2.59,1.4,0.66,0.04,0.1,0.06,0.05,16.89,9,2018
NFL,0501,100003,Buffalo Bills,DEF,BUF,107,86.39,2,6.01,1,2.33,0.74,0.69,0.05,0.09,0.07,0.03,24.85,9,2018
NFL,0511,100009,Denver Broncos,DEF,DEN,124,108.81,5,7.08,1,2.98,0.99,0.58,0.06,0.1,0.11,0.04,20.77,9,2018
NFL,0507,100007,Cleveland Browns,DEF,CLE,98,103.58,0,5.33,1,1.79,0.7,0.71,0.03,0.1,0.1,0.01,24.02,9,2018
NFL,0525,100031,Tampa Bay Buccaneers,DEF,TB,68,75.07,-2,5.33,1,2.15,0.7,0.59,0.03,0.09,0.1,NA,25.53,9,2018
NFL,0514,100028,Los Angeles Chargers,DEF,LAC,112,87.2,13,6.62,1,2.66,0.96,0.65,0.04,0.09,0.07,0.02,21.16,9,2018
NFL,0512,100016,Kansas City Chiefs,DEF,KC,130,119.68,4,7,1,2.64,1.03,0.65,0.05,0.11,0.08,0.04,20.19,9,2018
NFL,0516,100008,Dallas Cowboys,DEF,DAL,98,80,7,6.52,1,2.48,0.89,0.6,0.05,0.1,0.07,0.06,18.32,9,2018
NFL,0503,100019,Miami Dolphins,DEF,MIA,116,108.51,25,6.02,1,2.3,0.91,0.56,0.03,0.09,0.11,0.03,21.02,9,2018
NFL,0526,100001,Atlanta Falcons,DEF,ATL,79,84.38,6,5.86,1,2.12,0.86,0.66,0.02,0.1,0.08,0.01,24.84,9,2018
NFL,0505,100024,New York Jets,DEF,NYJ,103,106.85,8,5.78,1,2.06,0.88,0.65,0.03,0.09,0.09,0.01,21.99,9,2018
NFL,0522,100010,Detroit Lions,DEF,DET,100,83.59,6,5.88,1,2.28,0.81,0.66,0.03,0.1,0.08,NA,25.78,9,2018
NFL,0523,100011,Green Bay Packers,DEF,GB,93,85.22,1,5.42,1,1.86,0.94,0.55,0.02,0.09,0.08,NA,27.07,9,2018
NFL,0527,100004,Carolina Panthers,DEF,CAR,92,83.27,6,6.4,1,2.06,1.09,0.66,0.03,0.1,0.08,0.03,20.63,9,2018
NFL,0504,100021,New England Patriots,DEF,NE,135,88.54,4,6.36,1,2.26,0.96,0.65,0.05,0.1,0.1,0.03,19.49,9,2018
NFL,0513,100018,Oakland Raiders,DEF,OAK,45,61.81,-1,5.85,1,2.23,0.86,0.65,0.03,0.09,0.1,NA,25.31,9,2018
NFL,0528,100017,Los Angeles Rams,DEF,LA,150,112.67,-2,5.61,1,2.05,0.82,0.58,0.02,0.1,0.11,0.02,23.08,9,2018
NFL,0531,100002,Baltimore Ravens,DEF,BAL,132,83.28,1,5.69,1,1.89,0.78,0.76,0.03,0.09,0.08,0.02,19.63,9,2018
NFL,0520,100032,Washington Redskins,DEF,WAS,120,98.72,0,5.95,1,2.27,0.84,0.58,0.03,0.1,0.07,0.03,21.01,9,2018
NFL,0529,100022,New Orleans Saints,DEF,NO,108,108.99,-2,6.03,1,2.37,0.77,0.69,0.04,0.1,0.08,0.01,22.3,9,2018
NFL,0515,100030,Seattle Seahawks,DEF,SEA,121,98.2,3,5.55,1,1.71,0.86,0.67,0.03,0.09,0.06,0.03,19.99,9,2018
NFL,0510,100027,Pittsburgh Steelers,DEF,PIT,110,100.71,3,6.11,1,2.31,0.83,0.72,0.02,0.1,0.1,0.01,25.3,9,2018
NFL,0532,100013,Houston Texans,DEF,HOU,146,118.41,5,6.22,1,2.42,0.94,0.59,0.04,0.1,0.08,0.01,23.01,9,2018
NFL,0508,100012,Tennessee Titans,DEF,TEN,119,79.41,10,6.46,1,2.46,0.87,0.71,0.03,0.09,0.06,0.04,23.76,9,2018
NFL,0524,100020,Minnesota Vikings,DEF,MIN,124,102.35,22,5.9,1,2.32,0.8,0.6,0.03,0.09,0.08,0.03,19.57,9,2018
NFL,0530,100029,San Francisco 49ers,DEF,SF,58,64.35,1,5.99,1,2.11,0.88,0.54,0.04,0.1,0.09,0.06,19.95,10,2018
NFL,0521,100005,Chicago Bears,DEF,CHI,187,156.97,12,6.76,1,2.6,0.88,0.62,0.04,0.1,0.08,0.08,16.85,10,2018
NFL,0506,100006,Cincinnati Bengals,DEF,CIN,84,83.73,-4,5.3,1,1.7,0.77,0.63,0.04,0.11,0.08,0.01,23.88,10,2018
NFL,0501,100003,Buffalo Bills,DEF,BUF,107,86.39,11,6.39,1,2.59,0.85,0.61,0.08,0.1,0.07,0.02,25.36,10,2018
NFL,0507,100007,Cleveland Browns,DEF,CLE,98,103.58,7,5.69,1,2.23,0.75,0.65,0.03,0.09,0.09,0.01,23.94,10,2018
NFL,0525,100031,Tampa Bay Buccaneers,DEF,TB,68,75.07,4,5.86,1,2.08,0.76,0.68,0.03,0.11,0.09,0.03,21.79,10,2018
NFL,0519,100026,Arizona Cardinals,DEF,ARI,103,78.92,5,5.12,1,1.84,0.66,0.69,0.02,0.09,0.08,NA,26.37,10,2018
NFL,0514,100028,Los Angeles Chargers,DEF,LAC,112,87.2,13,5.98,1,2.12,0.93,0.61,0.03,0.09,0.07,0.03,17.49,10,2018
NFL,0512,100016,Kansas City Chiefs,DEF,KC,130,119.68,10,7.28,1,2.58,1.17,0.59,0.05,0.11,0.08,0.07,16.46,10,2018
NFL,0502,100014,Indianapolis Colts,DEF,IND,116,90.82,2,6.38,1,2.16,1.04,0.65,0.03,0.1,0.08,0.03,23.18,10,2018
NFL,0516,100008,Dallas Cowboys,DEF,DAL,98,80,5,5.88,1,2.3,0.74,0.66,0.03,0.1,0.07,0.02,24.44,10,2018
NFL,0503,100019,Miami Dolphins,DEF,MIA,116,108.51,3,5.48,1,2.1,0.82,0.51,0.03,0.1,0.12,0.01,24.32,10,2018
NFL,0518,100025,Philadelphia Eagles,DEF,PHI,97,79.19,4,6.74,1,2.7,0.89,0.72,0.05,0.1,0.08,0.02,19.28,10,2018
NFL,0526,100001,Atlanta Falcons,DEF,ATL,79,84.38,1,6.58,1,2.6,0.92,0.67,0.04,0.1,0.07,0.02,22.95,10,2018
NFL,0517,100023,New York Giants,DEF,NYG,84,90.39,4,6.02,1,2.24,0.74,0.73,0.03,0.09,0.08,0.04,24.64,10,2018
NFL,0509,100015,Jacksonville Jaguars,DEF,JAX,115,91.42,1,6.06,1,2.1,0.98,0.65,0.02,0.09,0.08,0.02,24.02,10,2018
NFL,0505,100024,New York Jets,DEF,NYJ,103,106.85,-3,6.71,1,1.95,1.33,0.69,0.03,0.1,0.07,0.01,17.95,10,2018
NFL,0522,100010,Detroit Lions,DEF,DET,100,83.59,0,5.94,1,2.5,0.79,0.63,0.03,0.09,0.09,NA,24.8,10,2018
NFL,0523,100011,Green Bay Packers,DEF,GB,93,85.22,14,6.18,1,2.18,1.05,0.56,0.03,0.1,0.1,0.02,20.3,10,2018
NFL,0527,100004,Carolina Panthers,DEF,CAR,92,83.27,-3,5.56,1,1.92,0.75,0.74,0.03,0.1,0.09,NA,24.69,10,2018
NFL,0504,100021,New England Patriots,DEF,NE,135,88.54,1,6.34,1,2.5,0.96,0.59,0.04,0.1,0.09,0.01,20.1,10,2018
NFL,0513,100018,Oakland Raiders,DEF,OAK,45,61.81,4,4.78,1,1.46,0.61,0.69,0.03,0.1,0.08,0.01,24.12,10,2018
NFL,0528,100017,Los Angeles Rams,DEF,LA,150,112.67,5,6.73,1,2.79,0.99,0.6,0.05,0.09,0.12,0.02,18.92,10,2018
NFL,0520,100032,Washington Redskins,DEF,WAS,120,98.72,17,6.07,1,2.11,1.06,0.6,0.02,0.1,0.08,NA,24.62,10,2018
NFL,0529,100022,New Orleans Saints,DEF,NO,108,108.99,9,6.43,1,2.35,1,0.62,0.03,0.1,0.1,0.03,21.19,10,2018
NFL,0515,100030,Seattle Seahawks,DEF,SEA,121,98.2,-2,5.81,1,2.11,0.82,0.7,0.03,0.09,0.07,0.01,23.71,10,2018
NFL,0510,100027,Pittsburgh Steelers,DEF,PIT,110,100.71,15,6.18,1,2.58,0.83,0.61,0.03,0.09,0.11,0.02,19.69,10,2018
NFL,0508,100012,Tennessee Titans,DEF,TEN,119,79.41,7,5.27,1,1.81,0.75,0.59,0.03,0.1,0.06,0.02,23.05,10,2018
NFL,0521,100005,Chicago Bears,DEF,CHI,187,156.97,15,6.95,1,2.45,1.03,0.67,0.04,0.09,0.06,0.08,18.66,11,2018
NFL,0506,100006,Cincinnati Bengals,DEF,CIN,84,83.73,5,6.42,1,2.44,0.83,0.75,0.05,0.1,0.09,0.02,28.78,11,2018
NFL,0511,100009,Denver Broncos,DEF,DEN,124,108.81,7,5.66,1,2.12,0.77,0.64,0.03,0.1,0.09,0.01,23.86,11,2018
NFL,0525,100031,Tampa Bay Buccaneers,DEF,TB,68,75.07,3,5.86,1,2.3,0.75,0.6,0.04,0.12,0.1,0.01,24.05,11,2018
NFL,0519,100026,Arizona Cardinals,DEF,ARI,103,78.92,4,5.84,1,2.24,0.75,0.68,0.04,0.1,0.08,0.01,19.77,11,2018
NFL,0514,100028,Los Angeles Chargers,DEF,LAC,112,87.2,0,6.37,1,2.29,1,0.58,0.04,0.1,0.07,0.04,18.35,11,2018
NFL,0512,100016,Kansas City Chiefs,DEF,KC,130,119.68,11,6.26,1,2.24,0.88,0.68,0.03,0.09,0.08,0.05,23.54,11,2018
NFL,0502,100014,Indianapolis Colts,DEF,IND,116,90.82,13,5.98,1,2.36,0.83,0.6,0.05,0.09,0.1,0.02,21.64,11,2018
NFL,0516,100008,Dallas Cowboys,DEF,DAL,98,80,6,5.66,1,2.18,0.78,0.63,0.03,0.1,0.06,NA,23.26,11,2018
NFL,0518,100025,Philadelphia Eagles,DEF,PHI,97,79.19,-4,5.23,1,1.81,0.73,0.65,0.03,0.09,0.08,0.01,24.82,11,2018
NFL,0526,100001,Atlanta Falcons,DEF,ATL,79,84.38,2,6.45,1,2.59,0.82,0.73,0.05,0.1,0.07,0.01,23.33,11,2018
NFL,0517,100023,New York Giants,DEF,NYG,84,90.39,11,6.03,1,1.87,1.01,0.68,0.03,0.1,0.08,0.02,22.92,11,2018
NFL,0509,100015,Jacksonville Jaguars,DEF,JAX,115,91.42,9,5.36,1,1.94,0.61,0.71,0.03,0.1,0.09,0.02,22.74,11,2018
NFL,0522,100010,Detroit Lions,DEF,DET,100,83.59,6,5.61,1,2.21,0.72,0.53,0.03,0.11,0.1,0.03,22.12,11,2018
NFL,0523,100011,Green Bay Packers,DEF,GB,93,85.22,5,6.64,1,2.52,1.13,0.62,0.04,0.09,0.09,NA,24.43,11,2018
NFL,0527,100004,Carolina Panthers,DEF,CAR,92,83.27,2,6.29,1,2.67,0.83,0.64,0.04,0.09,0.09,0.01,23.29,11,2018
NFL,0513,100018,Oakland Raiders,DEF,OAK,45,61.81,5,6.1,1,2.3,0.96,0.58,0.03,0.09,0.08,0.02,24.5,11,2018
NFL,0528,100017,Los Angeles Rams,DEF,LA,150,112.67,21,5.68,1,2.04,0.73,0.64,0.03,0.1,0.12,0.04,22.07,11,2018
NFL,0531,100002,Baltimore Ravens,DEF,BAL,132,83.28,1,6.82,1,2.38,1.12,0.64,0.04,0.11,0.09,0.03,15.85,11,2018
NFL,0520,100032,Washington Redskins,DEF,WAS,120,98.72,10,6.74,1,2.86,0.94,0.56,0.05,0.1,0.08,0.03,20.85,11,2018
NFL,0529,100022,New Orleans Saints,DEF,NO,108,108.99,13,6.22,1,2.36,0.85,0.65,0.04,0.11,0.09,0.02,21.68,11,2018
NFL,0515,100030,Seattle Seahawks,DEF,SEA,121,98.2,5,5.72,1,2.06,0.82,0.63,0.05,0.1,0.09,0.01,20.21,11,2018
NFL,0510,100027,Pittsburgh Steelers,DEF,PIT,110,100.71,9,6.23,1,2.47,0.86,0.67,0.02,0.1,0.09,0.01,21.32,11,2018
NFL,0532,100013,Houston Texans,DEF,HOU,146,118.41,15,6.18,1,2.4,0.87,0.66,0.03,0.1,0.08,0.01,22.58,11,2018
NFL,0508,100012,Tennessee Titans,DEF,TEN,119,79.41,-4,5.74,1,1.86,1,0.64,0.03,0.09,0.06,NA,22.64,11,2018
NFL,0524,100020,Minnesota Vikings,DEF,MIN,124,102.35,8,6.08,1,2.52,0.85,0.6,0.03,0.1,0.07,NA,22.65,11,2018
NFL,0530,100029,San Francisco 49ers,DEF,SF,58,64.35,1,6.22,1,2.16,1.05,0.65,0.03,0.09,0.09,0.01,24.92,12,2018
NFL,0521,100005,Chicago Bears,DEF,CHI,187,156.97,13,6.76,1,2.74,0.93,0.58,0.05,0.1,0.07,0.05,19.89,12,2018
NFL,0506,100006,Cincinnati Bengals,DEF,CIN,84,83.73,-4,6.27,1,2.45,0.86,0.6,0.06,0.1,0.08,0.03,21.48,12,2018
NFL,0501,100003,Buffalo Bills,DEF,BUF,107,86.39,7,5.64,1,2.16,0.75,0.62,0.04,0.1,0.07,0.01,23.8,12,2018
NFL,0511,100009,Denver Broncos,DEF,DEN,124,108.81,11,5.32,1,2,0.68,0.62,0.03,0.1,0.11,0.01,22.53,12,2018
NFL,0507,100007,Cleveland Browns,DEF,CLE,98,103.58,6,6.44,1,2.38,1.01,0.66,0.03,0.1,0.11,0.01,23.09,12,2018
NFL,0525,100031,Tampa Bay Buccaneers,DEF,TB,68,75.07,12,5.78,1,2.14,0.7,0.7,0.03,0.1,0.1,0.03,23.24,12,2018
NFL,0519,100026,Arizona Cardinals,DEF,ARI,103,78.92,2,5.57,1,2.07,0.72,0.71,0.02,0.1,0.06,NA,25.57,12,2018
NFL,0514,100028,Los Angeles Chargers,DEF,LAC,112,87.2,8,7.1,1,2.74,1.2,0.53,0.06,0.1,0.06,0.03,16.59,12,2018
NFL,0502,100014,Indianapolis Colts,DEF,IND,116,90.82,3,6.53,1,2.49,0.87,0.67,0.06,0.1,0.1,0.04,19.82,12,2018
NFL,0516,100008,Dallas Cowboys,DEF,DAL,98,80,9,6.59,1,2.75,0.86,0.7,0.06,0.09,0.07,0.01,20.21,12,2018
NFL,0503,100019,Miami Dolphins,DEF,MIA,116,108.51,7,5.2,1,1.82,0.88,0.49,0.02,0.1,0.11,NA,26.38,12,2018
NFL,0518,100025,Philadelphia Eagles,DEF,PHI,97,79.19,4,6.01,1,2.37,0.83,0.58,0.05,0.1,0.1,0.02,18.87,12,2018
NFL,0526,100001,Atlanta Falcons,DEF,ATL,79,84.38,3,5.13,1,1.77,0.71,0.64,0.03,0.1,0.07,NA,27.7,12,2018
NFL,0517,100023,New York Giants,DEF,NYG,84,90.39,3,6,1,2.08,0.83,0.76,0.04,0.1,0.08,0.01,24.49,12,2018
NFL,0509,100015,Jacksonville Jaguars,DEF,JAX,115,91.42,0,7.57,1,3.37,0.94,0.72,0.05,0.1,0.07,0.03,19.92,12,2018
NFL,0505,100024,New York Jets,DEF,NYJ,103,106.85,0,5,1,1.8,0.68,0.56,0.03,0.09,0.08,0.02,24.09,12,2018
NFL,0522,100010,Detroit Lions,DEF,DET,100,83.59,7,6.33,1,2.65,0.69,0.75,0.04,0.11,0.09,0.01,23.2,12,2018
NFL,0523,100011,Green Bay Packers,DEF,GB,93,85.22,2,6.23,1,2.11,1.11,0.65,0.03,0.09,0.08,NA,25.52,12,2018
NFL,0527,100004,Carolina Panthers,DEF,CAR,92,83.27,1,6.76,1,2.66,0.96,0.67,0.06,0.09,0.08,0.03,21.86,12,2018
NFL,0504,100021,New England Patriots,DEF,NE,135,88.54,8,6.81,1,2.81,0.97,0.6,0.04,0.1,0.1,0.03,19.46,12,2018
NFL,0513,100018,Oakland Raiders,DEF,OAK,45,61.81,4,6.08,1,2.34,0.78,0.78,0.04,0.09,0.08,NA,28.37,12,2018
NFL,0531,100002,Baltimore Ravens,DEF,BAL,132,83.28,18,6.22,1,2.28,0.89,0.65,0.04,0.1,0.08,0.03,14.84,12,2018
NFL,0520,100032,Washington Redskins,DEF,WAS,120,98.72,3,6.41,1,2.79,0.83,0.64,0.04,0.1,0.06,NA,25.53,12,2018
NFL,0529,100022,New Orleans Saints,DEF,NO,108,108.99,15,6.05,1,2.23,0.93,0.58,0.04,0.1,0.07,0.02,19.74,12,2018
NFL,0515,100030,Seattle Seahawks,DEF,SEA,121,98.2,2,5.53,1,2.13,0.83,0.54,0.03,0.09,0.09,0.01,22.51,12,2018
NFL,0510,100027,Pittsburgh Steelers,DEF,PIT,110,100.71,2,6.33,1,2.55,0.89,0.61,0.03,0.1,0.1,0.02,20.38,12,2018
NFL,0532,100013,Houston Texans,DEF,HOU,146,118.41,9,6.77,1,2.83,0.86,0.6,0.06,0.1,0.08,0.05,20.05,12,2018
NFL,0508,100012,Tennessee Titans,DEF,TEN,119,79.41,3,6.37,1,2.75,0.85,0.57,0.03,0.09,0.07,0.03,22.94,12,2018
NFL,0524,100020,Minnesota Vikings,DEF,MIN,124,102.35,7,6.05,1,2.41,0.87,0.57,0.05,0.09,0.08,0.02,19.08,12,2018
NFL,0530,100029,San Francisco 49ers,DEF,SF,58,64.35,-1,5.88,1,2.26,0.85,0.63,0.03,0.09,0.08,0.01,24.58,13,2018
NFL,0521,100005,Chicago Bears,DEF,CHI,187,156.97,5,6.91,1,2.61,1.09,0.56,0.05,0.09,0.08,0.06,18.23,13,2018
NFL,0506,100006,Cincinnati Bengals,DEF,CIN,84,83.73,4,5.37,1,2.01,0.79,0.53,0.03,0.1,0.09,0.01,21.72,13,2018
NFL,0501,100003,Buffalo Bills,DEF,BUF,107,86.39,5,6.02,1,2.42,0.8,0.63,0.04,0.1,0.08,0.01,23.17,13,2018
NFL,0511,100009,Denver Broncos,DEF,DEN,124,108.81,14,6.5,1,2.52,0.99,0.6,0.07,0.1,0.12,0.01,19.78,13,2018
NFL,0507,100007,Cleveland Browns,DEF,CLE,98,103.58,4,6.42,1,2.86,0.84,0.63,0.04,0.09,0.1,NA,25.18,13,2018
NFL,0525,100031,Tampa Bay Buccaneers,DEF,TB,68,75.07,13,5.7,1,2.26,0.71,0.64,0.04,0.09,0.1,0.02,21.93,13,2018
NFL,0519,100026,Arizona Cardinals,DEF,ARI,103,78.92,2,5.76,1,2.42,0.71,0.59,0.04,0.11,0.09,NA,24.37,13,2018
NFL,0514,100028,Los Angeles Chargers,DEF,LAC,112,87.2,8,5.31,1,1.85,0.78,0.6,0.02,0.1,0.08,0.01,22.99,13,2018
NFL,0512,100016,Kansas City Chiefs,DEF,KC,130,119.68,8,6.16,1,2.28,0.94,0.58,0.03,0.09,0.1,0.04,18.52,13,2018
NFL,0502,100014,Indianapolis Colts,DEF,IND,116,90.82,12,6.92,1,3.14,0.93,0.6,0.06,0.1,0.08,NA,22.14,13,2018
NFL,0516,100008,Dallas Cowboys,DEF,DAL,98,80,8,5.22,1,1.7,0.78,0.62,0.03,0.1,0.07,0.01,22.35,13,2018
NFL,0503,100019,Miami Dolphins,DEF,MIA,116,108.51,9,6.75,1,2.97,0.97,0.53,0.06,0.09,0.11,0.02,19.6,13,2018
NFL,0518,100025,Philadelphia Eagles,DEF,PHI,97,79.19,9,6.68,1,2.62,0.88,0.67,0.06,0.09,0.09,0.05,20.3,13,2018
NFL,0526,100001,Atlanta Falcons,DEF,ATL,79,84.38,11,6.69,1,2.65,0.83,0.77,0.06,0.1,0.08,0.02,24.94,13,2018
NFL,0517,100023,New York Giants,DEF,NYG,84,90.39,17,6.11,1,2.37,0.75,0.72,0.04,0.1,0.08,0.02,23.37,13,2018
NFL,0509,100015,Jacksonville Jaguars,DEF,JAX,115,91.42,17,5.78,1,2.02,0.86,0.63,0.03,0.1,0.07,0.02,21.33,13,2018
NFL,0505,100024,New York Jets,DEF,NYJ,103,106.85,11,5.83,1,2.61,0.74,0.56,0.04,0.09,0.08,NA,23.2,13,2018
NFL,0522,100010,Detroit Lions,DEF,DET,100,83.59,5,5.77,1,2.27,0.68,0.65,0.03,0.11,0.08,0.02,23.73,13,2018
NFL,0523,100011,Green Bay Packers,DEF,GB,93,85.22,3,7.17,1,2.57,1.24,0.59,0.05,0.11,0.08,0.03,17.47,13,2018
NFL,0527,100004,Carolina Panthers,DEF,CAR,92,83.27,6,6.76,1,2.42,1.1,0.74,0.03,0.09,0.09,0.01,23.39,13,2018
NFL,0504,100021,New England Patriots,DEF,NE,135,88.54,10,6.3,1,2.24,0.98,0.68,0.04,0.09,0.08,0.02,19.86,13,2018
NFL,0513,100018,Oakland Raiders,DEF,OAK,45,61.81,-2,4.63,1,1.49,0.64,0.55,0.02,0.1,0.09,0.02,25.24,13,2018
NFL,0528,100017,Los Angeles Rams,DEF,LA,150,112.67,9,6.37,1,2.77,0.83,0.55,0.03,0.1,0.12,0.03,22.59,13,2018
NFL,0531,100002,Baltimore Ravens,DEF,BAL,132,83.28,15,6.2,1,2.3,0.89,0.67,0.03,0.1,0.07,0.02,20.4,13,2018
NFL,0520,100032,Washington Redskins,DEF,WAS,120,98.72,1,6.34,1,2.48,0.84,0.67,0.03,0.1,0.08,0.03,24.35,13,2018
NFL,0529,100022,New Orleans Saints,DEF,NO,108,108.99,15,6.53,1,2.83,0.85,0.63,0.04,0.1,0.07,0.01,22.34,13,2018
NFL,0515,100030,Seattle Seahawks,DEF,SEA,121,98.2,16,6.07,1,2.27,0.81,0.7,0.03,0.1,0.08,0.02,21.04,13,2018
NFL,0510,100027,Pittsburgh Steelers,DEF,PIT,110,100.71,1,6.24,1,2.46,0.83,0.73,0.03,0.09,0.08,0.01,19.71,13,2018
NFL,0532,100013,Houston Texans,DEF,HOU,146,118.41,18,6.55,1,2.67,0.84,0.62,0.06,0.1,0.07,0.04,19.84,13,2018
NFL,0508,100012,Tennessee Titans,DEF,TEN,119,79.41,5,6.43,1,2.69,0.87,0.59,0.05,0.09,0.07,0.03,19.47,13,2018
NFL,0524,100020,Minnesota Vikings,DEF,MIN,124,102.35,2,5.26,1,2.06,0.79,0.52,0.02,0.09,0.06,NA,23.65,13,2018
NFL,0530,100029,San Francisco 49ers,DEF,SF,58,64.35,3,5.33,1,1.89,0.76,0.57,0.03,0.1,0.08,0.02,22.74,14,2018
NFL,0521,100005,Chicago Bears,DEF,CHI,187,156.97,20,6.7,1,2.44,0.95,0.67,0.03,0.11,0.07,0.05,20.44,14,2018
NFL,0506,100006,Cincinnati Bengals,DEF,CIN,84,83.73,2,5.1,1,1.8,0.68,0.64,0.03,0.1,0.07,NA,26.56,14,2018
NFL,0501,100003,Buffalo Bills,DEF,BUF,107,86.39,4,6.74,1,2.4,1.03,0.68,0.04,0.11,0.08,0.03,20.4,14,2018
NFL,0511,100009,Denver Broncos,DEF,DEN,124,108.81,6,6.59,1,2.45,1.05,0.69,0.03,0.09,0.12,0.01,21.85,14,2018
NFL,0507,100007,Cleveland Browns,DEF,CLE,98,103.58,4,6.13,1,2.29,0.85,0.7,0.04,0.1,0.11,0.01,22.39,14,2018
NFL,0525,100031,Tampa Bay Buccaneers,DEF,TB,68,75.07,4,5.24,1,1.76,0.77,0.61,0.03,0.1,0.09,0.01,24.43,14,2018
NFL,0519,100026,Arizona Cardinals,DEF,ARI,103,78.92,7,5.97,1,2.63,0.71,0.56,0.04,0.1,0.07,0.02,23.87,14,2018
NFL,0514,100028,Los Angeles Chargers,DEF,LAC,112,87.2,3,6.72,1,2.58,0.95,0.64,0.06,0.1,0.09,0.04,16.26,14,2018
NFL,0512,100016,Kansas City Chiefs,DEF,KC,130,119.68,4,6.96,1,2.72,0.96,0.69,0.05,0.1,0.09,0.04,22.63,14,2018
NFL,0502,100014,Indianapolis Colts,DEF,IND,116,90.82,5,6.23,1,2.79,0.84,0.55,0.03,0.1,0.09,NA,22.72,14,2018
NFL,0516,100008,Dallas Cowboys,DEF,DAL,98,80,4,6.17,1,2.33,0.89,0.66,0.04,0.1,0.07,0.01,20.63,14,2018
NFL,0503,100019,Miami Dolphins,DEF,MIA,116,108.51,1,4.93,1,1.75,0.74,0.46,0.03,0.1,0.1,0.02,24.94,14,2018
NFL,0518,100025,Philadelphia Eagles,DEF,PHI,97,79.19,8,6.18,1,2.8,0.66,0.66,0.04,0.09,0.08,0.02,24.97,14,2018
NFL,0526,100001,Atlanta Falcons,DEF,ATL,79,84.38,3,5.4,1,2.08,0.76,0.56,0.04,0.1,0.09,NA,23.48,14,2018
NFL,0517,100023,New York Giants,DEF,NYG,84,90.39,18,6.44,1,2.48,0.88,0.72,0.05,0.1,0.08,0.01,22.99,14,2018
NFL,0509,100015,Jacksonville Jaguars,DEF,JAX,115,91.42,4,6.51,1,2.87,0.89,0.59,0.04,0.09,0.07,0.01,21.94,14,2018
NFL,0505,100024,New York Jets,DEF,NYJ,103,106.85,9,6.8,1,2.86,0.91,0.69,0.07,0.1,0.1,NA,23.13,14,2018
NFL,0522,100010,Detroit Lions,DEF,DET,100,83.59,18,6.62,1,2.68,1.02,0.61,0.04,0.09,0.08,0.01,20.48,14,2018
NFL,0523,100011,Green Bay Packers,DEF,GB,93,85.22,13,6.28,1,2.18,1.03,0.62,0.04,0.1,0.08,0.02,21.75,14,2018
NFL,0527,100004,Carolina Panthers,DEF,CAR,92,83.27,5,6.27,1,2.33,0.89,0.69,0.03,0.1,0.09,0.02,22.64,14,2018
NFL,0504,100021,New England Patriots,DEF,NE,135,88.54,4,6.27,1,2.53,0.9,0.63,0.04,0.1,0.09,NA,18.87,14,2018
NFL,0513,100018,Oakland Raiders,DEF,OAK,45,61.81,3,4.42,1,1.36,0.63,0.53,0.04,0.1,0.11,0.01,25.77,14,2018
NFL,0528,100017,Los Angeles Rams,DEF,LA,150,112.67,11,6.44,1,2.6,0.91,0.62,0.03,0.1,0.12,0.02,24.84,14,2018
NFL,0531,100002,Baltimore Ravens,DEF,BAL,132,83.28,5,5.54,1,1.92,0.82,0.66,0.03,0.1,0.08,NA,22.17,14,2018
NFL,0520,100032,Washington Redskins,DEF,WAS,120,98.72,3,6.26,1,2.52,0.9,0.6,0.04,0.1,0.08,0.01,21.17,14,2018
NFL,0529,100022,New Orleans Saints,DEF,NO,108,108.99,7,7.07,1,2.51,1.24,0.68,0.03,0.1,0.09,0.01,20.58,14,2018
NFL,0515,100030,Seattle Seahawks,DEF,SEA,121,98.2,14,6.22,1,2.16,0.89,0.71,0.04,0.09,0.06,0.04,20.76,14,2018
NFL,0510,100027,Pittsburgh Steelers,DEF,PIT,110,100.71,6,6.76,1,2.76,0.89,0.72,0.03,0.1,0.11,0.02,16.03,14,2018
NFL,0532,100013,Houston Texans,DEF,HOU,146,118.41,4,5.89,1,2.05,0.9,0.63,0.03,0.1,0.08,0.02,21.57,14,2018
NFL,0508,100012,Tennessee Titans,DEF,TEN,119,79.41,10,6.87,1,3.29,0.77,0.56,0.07,0.12,0.06,0.01,21.07,14,2018
NFL,0524,100020,Minnesota Vikings,DEF,MIN,124,102.35,5,6.52,1,2.8,0.88,0.59,0.03,0.09,0.06,0.03,21.87,14,2018
NFL,0530,100029,San Francisco 49ers,DEF,SF,58,64.35,9,5.89,1,2.31,0.82,0.62,0.05,0.09,0.07,0.01,21.96,15,2018
NFL,0521,100005,Chicago Bears,DEF,CHI,187,156.97,8,6.71,1,2.45,1.03,0.57,0.05,0.09,0.08,0.07,17.2,15,2018
NFL,0506,100006,Cincinnati Bengals,DEF,CIN,84,83.73,10,5.77,1,2.13,0.81,0.62,0.03,0.1,0.1,0.02,18.13,15,2018
NFL,0501,100003,Buffalo Bills,DEF,BUF,107,86.39,4,5.93,1,2.41,0.8,0.56,0.04,0.1,0.07,0.02,22.59,15,2018
NFL,0511,100009,Denver Broncos,DEF,DEN,124,108.81,7,6.42,1,2.4,0.99,0.59,0.04,0.1,0.11,0.03,18.25,15,2018
NFL,0507,100007,Cleveland Browns,DEF,CLE,98,103.58,7,5.83,1,2.23,0.84,0.63,0.03,0.1,0.09,NA,24.4,15,2018
NFL,0525,100031,Tampa Bay Buccaneers,DEF,TB,68,75.07,7,6.58,1,2.72,0.88,0.69,0.03,0.11,0.09,NA,27.76,15,2018
NFL,0519,100026,Arizona Cardinals,DEF,ARI,103,78.92,1,5.73,1,2.25,0.78,0.6,0.03,0.11,0.07,NA,24.94,15,2018
NFL,0514,100028,Los Angeles Chargers,DEF,LAC,112,87.2,1,5.55,1,2.03,0.79,0.62,0.02,0.1,0.07,0.01,23.24,15,2018
NFL,0512,100016,Kansas City Chiefs,DEF,KC,130,119.68,8,6,1,2.1,0.84,0.69,0.03,0.1,0.08,0.03,20.31,15,2018
NFL,0502,100014,Indianapolis Colts,DEF,IND,116,90.82,15,6.56,1,2.8,0.78,0.68,0.06,0.1,0.07,0.02,21.82,15,2018
NFL,0516,100008,Dallas Cowboys,DEF,DAL,98,80,2,5.74,1,2,0.91,0.64,0.02,0.1,0.08,NA,23.72,15,2018
NFL,0503,100019,Miami Dolphins,DEF,MIA,116,108.51,6,5.69,1,2.13,0.92,0.56,0.03,0.09,0.09,NA,26.03,15,2018
NFL,0518,100025,Philadelphia Eagles,DEF,PHI,97,79.19,8,5.83,1,2.17,0.85,0.65,0.03,0.09,0.08,0.01,25.67,15,2018
NFL,0526,100001,Atlanta Falcons,DEF,ATL,79,84.38,20,6.75,1,2.55,1.11,0.61,0.05,0.09,0.08,0.02,17.87,15,2018
NFL,0517,100023,New York Giants,DEF,NYG,84,90.39,2,6.54,1,2.7,0.86,0.64,0.06,0.09,0.07,0.03,19.13,15,2018
NFL,0509,100015,Jacksonville Jaguars,DEF,JAX,115,91.42,10,7.17,1,2.63,1.14,0.73,0.04,0.1,0.07,0.02,20.51,15,2018
NFL,0505,100024,New York Jets,DEF,NYJ,103,106.85,5,5.98,1,2.66,0.77,0.53,0.06,0.1,0.1,NA,22.75,15,2018
NFL,0522,100010,Detroit Lions,DEF,DET,100,83.59,2,7.03,1,2.89,0.95,0.73,0.03,0.11,0.09,0.01,21.11,15,2018
NFL,0523,100011,Green Bay Packers,DEF,GB,93,85.22,3,6.24,1,2.18,1.11,0.61,0.04,0.09,0.08,NA,26.38,15,2018
NFL,0527,100004,Carolina Panthers,DEF,CAR,92,83.27,12,5.61,1,1.73,0.81,0.68,0.03,0.1,0.09,0.04,23.07,15,2018
NFL,0504,100021,New England Patriots,DEF,NE,135,88.54,7,5.25,1,1.79,0.76,0.62,0.02,0.1,0.12,0.01,25.12,15,2018
NFL,0513,100018,Oakland Raiders,DEF,OAK,45,61.81,2,5.57,1,2.13,0.76,0.62,0.04,0.09,0.1,0.01,24.3,15,2018
NFL,0528,100017,Los Angeles Rams,DEF,LA,150,112.67,1,6.37,1,2.25,0.88,0.73,0.03,0.11,0.11,0.03,20.96,15,2018
NFL,0531,100002,Baltimore Ravens,DEF,BAL,132,83.28,7,7.05,1,2.45,1.13,0.73,0.05,0.1,0.08,0.03,17.48,15,2018
NFL,0520,100032,Washington Redskins,DEF,WAS,120,98.72,14,6.99,1,3.31,0.89,0.57,0.05,0.11,0.08,NA,24.2,15,2018
NFL,0529,100022,New Orleans Saints,DEF,NO,108,108.99,12,6.59,1,2.45,1.03,0.62,0.03,0.1,0.1,0.03,20.18,15,2018
NFL,0515,100030,Seattle Seahawks,DEF,SEA,121,98.2,5,6.25,1,2.25,0.95,0.69,0.03,0.1,0.09,0.01,21.33,15,2018
NFL,0510,100027,Pittsburgh Steelers,DEF,PIT,110,100.71,7,5.74,1,2.28,0.76,0.61,0.03,0.09,0.09,0.02,21.02,15,2018
NFL,0532,100013,Houston Texans,DEF,HOU,146,118.41,5,6.75,1,2.65,1.03,0.66,0.03,0.09,0.08,0.02,20.36,15,2018
NFL,0508,100012,Tennessee Titans,DEF,TEN,119,79.41,17,5.84,1,2.42,0.81,0.54,0.03,0.1,0.08,0.01,22.21,15,2018
NFL,0524,100020,Minnesota Vikings,DEF,MIN,124,102.35,13,6.25,1,2.75,0.81,0.56,0.05,0.09,0.06,0.02,18.16,15,2018
NFL,0530,100029,San Francisco 49ers,DEF,SF,58,64.35,8,5.68,1,2.06,0.83,0.65,0.03,0.09,0.09,0.01,24.01,16,2018
NFL,0521,100005,Chicago Bears,DEF,CHI,187,156.97,7,7.17,1,2.57,1.1,0.71,0.04,0.1,0.08,0.05,17.9,16,2018
NFL,0506,100006,Cincinnati Bengals,DEF,CIN,84,83.73,0,5.64,1,2.02,0.89,0.56,0.03,0.1,0.09,0.01,22.73,16,2018
NFL,0501,100003,Buffalo Bills,DEF,BUF,107,86.39,7,4.88,1,1.72,0.72,0.57,0.02,0.09,0.06,NA,26.32,16,2018
NFL,0511,100009,Denver Broncos,DEF,DEN,124,108.81,1,6.77,1,2.51,0.95,0.7,0.03,0.11,0.12,0.04,16.93,16,2018
NFL,0507,100007,Cleveland Browns,DEF,CLE,98,103.58,4,6.31,1,2.53,0.82,0.68,0.06,0.1,0.1,0.01,20.65,16,2018
NFL,0525,100031,Tampa Bay Buccaneers,DEF,TB,68,75.07,1,6.33,1,2.79,0.76,0.7,0.04,0.09,0.07,NA,26.96,16,2018
NFL,0519,100026,Arizona Cardinals,DEF,ARI,103,78.92,3,5.8,1,2.18,0.75,0.67,0.03,0.11,0.07,0.01,26.57,16,2018
NFL,0514,100028,Los Angeles Chargers,DEF,LAC,112,87.2,6,6.91,1,2.77,0.94,0.7,0.04,0.1,0.07,0.03,22.1,16,2018
NFL,0512,100016,Kansas City Chiefs,DEF,KC,130,119.68,-1,6.5,1,2.72,0.87,0.64,0.05,0.09,0.08,0.02,22.91,16,2018
NFL,0502,100014,Indianapolis Colts,DEF,IND,116,90.82,2,6.17,1,2.51,0.93,0.55,0.05,0.09,0.09,0.01,19.39,16,2018
NFL,0516,100008,Dallas Cowboys,DEF,DAL,98,80,14,6.69,1,2.41,1.07,0.67,0.04,0.1,0.07,0.02,20.16,16,2018
NFL,0503,100019,Miami Dolphins,DEF,MIA,116,108.51,12,6.83,1,3.23,0.88,0.48,0.08,0.11,0.1,0.01,20.69,16,2018
NFL,0518,100025,Philadelphia Eagles,DEF,PHI,97,79.19,5,6.43,1,2.95,0.8,0.54,0.07,0.09,0.08,0.02,21.12,16,2018
NFL,0526,100001,Atlanta Falcons,DEF,ATL,79,84.38,14,6.37,1,2.57,0.95,0.61,0.04,0.1,0.09,NA,23.3,16,2018
NFL,0517,100023,New York Giants,DEF,NYG,84,90.39,2,5.5,1,1.72,0.86,0.71,0.02,0.1,0.08,NA,26.15,16,2018
NFL,0509,100015,Jacksonville Jaguars,DEF,JAX,115,91.42,17,6.28,1,2.8,0.78,0.62,0.04,0.09,0.07,0.01,20.86,16,2018
NFL,0505,100024,New York Jets,DEF,NYJ,103,106.85,8,5.69,1,2.23,0.77,0.58,0.05,0.1,0.11,0.01,22.18,16,2018
NFL,0522,100010,Detroit Lions,DEF,DET,100,83.59,2,5.86,1,2.16,0.84,0.67,0.04,0.09,0.07,0.01,21.06,16,2018
NFL,0523,100011,Green Bay Packers,DEF,GB,93,85.22,-2,6.59,1,2.17,1.19,0.67,0.02,0.09,0.09,0.02,20.76,16,2018
NFL,0527,100004,Carolina Panthers,DEF,CAR,92,83.27,5,6.19,1,2.21,0.9,0.69,0.04,0.1,0.07,0.02,21.18,16,2018
NFL,0504,100021,New England Patriots,DEF,NE,135,88.54,10,7.27,1,2.91,1.08,0.69,0.05,0.1,0.1,0.02,17.31,16,2018
NFL,0513,100018,Oakland Raiders,DEF,OAK,45,61.81,12,5.39,1,1.81,0.78,0.56,0.03,0.1,0.09,0.04,22.5,16,2018
NFL,0528,100017,Los Angeles Rams,DEF,LA,150,112.67,8,7.84,1,3.04,1.31,0.62,0.05,0.12,0.11,0.02,17.54,16,2018
NFL,0531,100002,Baltimore Ravens,DEF,BAL,132,83.28,20,5.96,1,2.18,0.86,0.67,0.03,0.1,0.07,0.01,21.87,16,2018
NFL,0520,100032,Washington Redskins,DEF,WAS,120,98.72,4,6.26,1,2.74,0.82,0.6,0.04,0.1,0.07,NA,24.59,16,2018
NFL,0529,100022,New Orleans Saints,DEF,NO,108,108.99,6,5.78,1,2.04,0.88,0.6,0.03,0.1,0.11,0.02,19.87,16,2018
NFL,0515,100030,Seattle Seahawks,DEF,SEA,121,98.2,4,5.35,1,1.89,0.73,0.64,0.03,0.09,0.08,0.02,21.62,16,2018
NFL,0510,100027,Pittsburgh Steelers,DEF,PIT,110,100.71,3,5.86,1,2.16,0.85,0.67,0.03,0.1,0.1,NA,23.66,16,2018
NFL,0532,100013,Houston Texans,DEF,HOU,146,118.41,6,5.99,1,2.17,0.83,0.72,0.03,0.1,0.07,0.01,21.66,16,2018
NFL,0508,100012,Tennessee Titans,DEF,TEN,119,79.41,13,6.93,1,2.61,1.08,0.65,0.04,0.1,0.07,0.03,19.33,16,2018
NFL,0524,100020,Minnesota Vikings,DEF,MIN,124,102.35,7,6.18,1,2.66,0.87,0.53,0.03,0.1,0.07,0.01,21.9,16,2018
